仓库,仓库类型,货主,货品ID,货品编号,货品名称,装帧形式,货品件数,空盒子库存,空盒子货品编码,空盒子货品名称,可维修数量,平均库龄,周转天数,同步时间
武清仓,维修库位,智能内容,789653,9787548963806,小初语法漫画学练,,1947,0,,,1947,64.07,13.97,2026-07-17 18:47:26
武清仓,维修库位,智能内容,569620,9787551167239,10分钟七大能力全脑开发练习册 3-4岁,,575,0,,,575,613.07,16.44,2026-07-17 18:47:26
武清仓,维修库位,智能内容,799096,ZNNR260407101,幼小衔接第一步·一日一练（全4册）,,551,0,,,551,38.79,20.13,2026-07-17 18:47:26
武清仓,维修库位,智能内容,595502,9787218170008,初中英语语法：中考考频分区速学,,480,0,,,480,611.32,8.38,2026-07-17 18:47:26
武清仓,维修库位,智能内容,699964,9787571651954,每天15分钟 七年级计算,,444,0,,,444,299.88,9.5,2026-07-17 18:47:26
武清仓,维修库位,智能内容,654159,9787548956815,摩比爱成语,,428,0,,,428,613.0,9.07,2026-07-17 18:47:26
武清仓,维修库位,智能内容,691192,9787550524033,零基础奥数,,356,0,,,356,384.59,16.03,2026-07-17 18:47:26
武清仓,维修库位,智能内容,569621,9787551167246,10分钟七大能力全脑开发练习册 4-5岁,,345,0,,,345,613.12,11.72,2026-07-17 18:47:26
武清仓,维修库位,Learn and Play,674287,9787540893590,英语天天练小学核心1000词 （书号版）,,242,0,,,242,415.0,410.94,2026-07-17 18:47:26
武清仓,维修库位,智能内容,569622,9787551167253,10分钟七大能力全脑开发练习册 5-6岁,,230,0,,,230,613.17,8.39,2026-07-17 18:47:26
武清仓,维修库位,智能内容,694421,9787550524064,小学数学思维培养3级（智能教辅2025）,,218,0,,,218,394.89,15.56,2026-07-17 18:47:26
武清仓,维修库位,智能内容,694420,9787550524040,小学数学思维培养2级（智能教辅2025）,,203,0,,,203,397.39,14.48,2026-07-17 18:47:26
武清仓,维修库位,智能内容,664627,9787545922950,初中物理思维提升  1级(2024),,194,300,HZ9787545922950,(盒子)初中物理思维提升  1级(2024),194,564.15,24.18,2026-07-17 18:47:26
武清仓,维修库位,智能内容,584125,9787556521654,Reading A-Z美国小学同步阅读. 2级(2023)下,,193,994,HZ9787556521654,（盒子）Reading A-Z美国小学同步阅读. 2级(2023)下,193,613.32,18.86,2026-07-17 18:47:26
武清仓,维修库位,智能内容,500781,9787510686238,学而思秘籍小学数学思维培养11级（智能教辅）,,188,400,HZ9787510686238,(盒子)学而思秘籍小学数学思维培养11级（智能教辅）,188,615.0,41.99,2026-07-17 18:47:26
武清仓,维修库位,智能内容,724866,9787550525863,小学数学思维培养 5级 （智能教辅2025）,,185,0,,,185,163.7,22.23,2026-07-17 18:47:26
武清仓,维修库位,智能内容,654539,9787551172158,30天拼音拼读速记（全2册）,,176,0,,,176,613.26,15.33,2026-07-17 18:47:26
武清仓,维修库位,智能内容,724867,9787550525818,小学数学思维培养 6级 （智能教辅2025）,,172,0,,,172,177.12,19.97,2026-07-17 18:47:26
武清仓,维修库位,智能内容,663169,9787830125165,摩比爱识字（2024）,,171,519,HZ9787830125165,（盒子）摩比爱识字（2024）,171,613.23,7.53,2026-07-17 18:47:26
武清仓,维修库位,智能内容,584124,9787556521647,Reading A-Z美国小学同步阅读. 1级(2023)下,,170,826,HZ9787556521647,（盒子）Reading A-Z美国小学同步阅读. 1级(2023)下,170,615.0,8.15,2026-07-17 18:47:26
武清仓,维修库位,智能内容,664640,9787550521797,学而思秘籍初中数学思维提升1级(智能教辅2024),,167,0,,,167,600.95,21.11,2026-07-17 18:47:26
武清仓,维修库位,智能内容,572370,9787121456527,零基础英语,,164,1508,HZ9787121456527,（盒子）零基础英语,164,613.25,7.52,2026-07-17 18:47:26
武清仓,维修库位,智能内容,569629,9787830123994,摩比玩出专注力,,161,0,,,161,608.46,2.77,2026-07-17 18:47:26
武清仓,维修库位,智能内容,724868,9787550525825,小学数学思维培养 7级 （智能教辅2025）,,159,0,,,159,154.25,21.01,2026-07-17 18:47:26
武清仓,维修库位,智能内容,652265,9787510686177B,学而思秘籍小学数学思维培养5级（智能教辅2024）,,155,0,,,155,613.0,41.77,2026-07-17 18:47:26
武清仓,维修库位,智能内容,655032,9787550521582,思维导图速记1000字（全3册）,,149,0,,,149,613.01,10.17,2026-07-17 18:47:26
武清仓,维修库位,智能内容,694422,9787550524057,小学数学思维培养4级（智能教辅2025）,,146,0,,,146,399.12,11.42,2026-07-17 18:47:26
武清仓,维修库位,智能内容,662621,9787550522084,小学数学思维培养3级(2024新),,143,0,,,143,590.46,8.84,2026-07-17 18:47:26
武清仓,维修库位,智能内容,672860,9787550522732,小学数学思维培养11级（智能教辅2024新）,,143,0,,,143,462.28,24.99,2026-07-17 18:47:26
武清仓,维修库位,智能内容,672861,9787550522770,小学数学思维培养12级（智能教辅2024新）,,141,0,,,141,292.67,36.36,2026-07-17 18:47:26
武清仓,维修库位,智能内容,687245,9787548960317,摩比数学玩具·逻辑世界之旅,,138,0,,,138,396.35,116.07,2026-07-17 18:47:26
武清仓,维修库位,智能内容,723831,9787572271373B,摩比爱数学 探索篇（新国标一书一码版）,,133,0,,,133,222.97,7.43,2026-07-17 18:47:26
武清仓,维修库位,智能内容,662623,9787550522091,小学数学思维培养6级(2024新),,132,0,,,132,482.14,10.51,2026-07-17 18:47:26
武清仓,维修库位,智能内容,584127,9787556521678,Reading A-Z美国小学同步阅读. 4级(2023)下,,131,457,HZ9787556521678,（盒子）Reading A-Z美国小学同步阅读. 4级(2023)下,131,615.0,12.24,2026-07-17 18:47:26
武清仓,维修库位,智能内容,653759,9787501267798,考上清北的十个故事（2024）,,131,0,,,131,598.91,30.08,2026-07-17 18:47:26
武清仓,维修库位,智能内容,584128,9787556521685,Reading A-Z美国小学同步阅读. 5级(2023)下,,130,428,HZ9787556521685,（盒子）Reading A-Z美国小学同步阅读. 5级(2023)下,130,615.0,15.18,2026-07-17 18:47:26
武清仓,维修库位,智能内容,664556,9787548957614,摩比爱计算 萌芽篇（2024）,,130,0,,,130,613.31,8.74,2026-07-17 18:47:26
武清仓,维修库位,智能内容,589528,9787556521708,Reading A-Z美国小学同步阅读. 7级(2023)下,,128,765,HZ9787556521708,（盒子）Reading A-Z美国小学同步阅读. 7级(2023)下,128,615.0,20.91,2026-07-17 18:47:26
武清仓,维修库位,智能内容,664628,9787545922868,初中物理思维提升  2级(2024),,125,0,,,125,569.61,24.83,2026-07-17 18:47:26
武清仓,维修库位,智能内容,584126,9787556521661,Reading A-Z美国小学同步阅读. 3级(2023)下,,121,466,HZ9787556521661,（盒子）Reading A-Z美国小学同步阅读. 3级(2023)下,121,615.0,13.23,2026-07-17 18:47:26
武清仓,维修库位,智能内容,650148,9787551164160A,计算真有趣-20以内数的计算（升级版）,,121,0,,,121,613.33,20.9,2026-07-17 18:47:26
武清仓,维修库位,智能内容,662624,9787550522107,小学数学思维培养7级(2024新),,120,0,,,120,595.58,7.1,2026-07-17 18:47:26
武清仓,维修库位,智能内容,662620,9787550522077,小学数学思维培养2级(2024新),,115,0,,,115,517.8,7.89,2026-07-17 18:47:26
武清仓,维修库位,智能内容,692983,9787556527694,Reading A-Z 美国小学同步阅读 1级（点读书）上,,115,0,,,115,347.6,7.36,2026-07-17 18:47:26
武清仓,维修库位,智能内容,723833,9787572271397B,摩比爱数学 萌芽篇（新国标一书一码版）,,114,0,,,114,217.37,6.97,2026-07-17 18:47:26
武清仓,维修库位,智能内容,500780,9787510686245,学而思秘籍小学数学思维培养12级（智能教辅）,,113,213,HZ9787510686245,(盒子)学而思秘籍小学数学思维培养12级（智能教辅）,113,615.0,34.13,2026-07-17 18:47:26
武清仓,维修库位,智能内容,662622,9787550521919,小学数学思维培养4级(2024新),,112,0,,,112,483.83,8.23,2026-07-17 18:47:26
武清仓,维修库位,智能内容,724869,9787550525832,小学数学思维培养 8级 （智能教辅2025）,,112,0,,,112,188.7,15.39,2026-07-17 18:47:26
武清仓,维修库位,智能内容,671002,9787550522176,小学数学思维培养5级(2024新),,110,0,,,110,588.84,8.62,2026-07-17 18:47:26
武清仓,维修库位,智能内容,692369,ZNNR250414203,快乐读书吧·五年级上册（全四册线上版）,,110,0,,,110,421.86,0.98,2026-07-17 18:47:26
武清仓,维修库位,智能内容,662619,9787550522060,小学数学思维培养1级(2024新),,109,0,,,109,609.31,5.57,2026-07-17 18:47:26
武清仓,维修库位,智能内容,710854,9787501270347,摩比爱数学探索篇上（2025版）,,109,0,,,109,235.26,13.7,2026-07-17 18:47:26
武清仓,维修库位,智能内容,682013,9787501624591A,课堂笔记 语文一年级下册（升级版）,,106,0,,,106,525.36,20.08,2026-07-17 18:47:26
武清仓,维修库位,智能内容,796556,9787519058517A,快乐读书吧·一年级上册·和大人一起读（全四册）（2026线上版）,,106,0,,,106,45.18,9.2,2026-07-17 18:47:26
武清仓,维修库位,智能内容,582606,9787830124298,Hello English Readers英语分级阅读1级上（2023）,,104,0,,,104,613.63,30.0,2026-07-17 18:47:26
武清仓,维修库位,智能内容,664642,9787550522022,学而思秘籍初中数学思维提升3级(智能教辅2024),,103,200,HZ9787550522022,(盒子)学而思秘籍初中数学思维提升3级(2024),103,550.83,46.12,2026-07-17 18:47:26
武清仓,维修库位,智能内容,724870,9787550525849,小学数学思维培养 9级 （智能教辅2025）,,103,0,,,103,190.25,16.04,2026-07-17 18:47:26
武清仓,维修库位,智能内容,664557,9787548957607,摩比爱计算 飞跃篇（2024）,,102,0,,,102,612.45,7.87,2026-07-17 18:47:26
武清仓,维修库位,智能内容,584132,9787556521739,Reading A-Z美国小学同步阅读. 10级(2023)下,,100,300,HZ9787556521739,（盒子）Reading A-Z美国小学同步阅读. 10级(2023)下,100,613.46,13.39,2026-07-17 18:47:26
武清仓,维修库位,智能内容,664626,9787545922844,初中化学思维提升(2024),,100,0,,,100,596.76,24.66,2026-07-17 18:47:26
武清仓,维修库位,智能内容,694419,9787550524071,小学数学思维培养1级（智能教辅2025）,,99,0,,,99,403.03,8.14,2026-07-17 18:47:26
武清仓,维修库位,智能内容,726990,9787501270736,初中名著 钢铁是怎样炼成的,,97,0,,,97,197.1,5.19,2026-07-17 18:47:26
武清仓,维修库位,智能内容,692986,9787556527724,Reading A-Z 美国小学同步阅读 4级（点读书）上,,96,0,,,96,373.73,12.22,2026-07-17 18:47:26
武清仓,维修库位,智能内容,789654,9787548963714,小初语法必练1000题,,96,0,,,96,108.75,1.03,2026-07-17 18:47:26
武清仓,维修库位,智能内容,500749,9787510688300,小学语文周周学四年级上册,,94,0,,,94,615.0,24.66,2026-07-17 18:47:26
武清仓,维修库位,智能内容,663167,9787830125172,摩比爱拼音（2024）,,94,0,,,94,613.44,5.23,2026-07-17 18:47:26
武清仓,维修库位,智能内容,692984,9787556527700,Reading A-Z 美国小学同步阅读 2级（点读书）上,,94,0,,,94,320.66,13.43,2026-07-17 18:47:26
武清仓,维修库位,智能内容,584130,9787556521715,Reading A-Z美国小学同步阅读. 8级(2023)下,,93,449,HZ9787556521715,（盒子）Reading A-Z美国小学同步阅读. 8级(2023)下,93,615.0,13.65,2026-07-17 18:47:26
武清仓,维修库位,智能内容,664641,9787550522015,学而思秘籍初中数学思维提升2级(智能教辅2024),,91,205,HZ9787550522015,(盒子)学而思秘籍初中数学思维提升2级(2024),91,611.7,71.84,2026-07-17 18:47:26
武清仓,维修库位,智能内容,723829,9787572271410C,摩比爱数学 飞跃篇（新国标一书一码版）,,91,0,,,91,237.16,5.69,2026-07-17 18:47:26
武清仓,维修库位,智能内容,692987,9787556527731,Reading A-Z 美国小学同步阅读 5级（点读书）上,,90,0,,,90,384.11,16.23,2026-07-17 18:47:26
武清仓,维修库位,智能内容,584129,9787556521692,Reading A-Z美国小学同步阅读. 6级(2023)下,,89,489,HZ9787556521692,（盒子）Reading A-Z美国小学同步阅读. 6级(2023)下,89,615.0,10.67,2026-07-17 18:47:26
武清仓,维修库位,智能内容,692985,9787556527717,Reading A-Z 美国小学同步阅读 3级（点读书）上,,87,0,,,87,390.02,10.86,2026-07-17 18:47:26
武清仓,维修库位,智能内容,654929,9787550521599,一年级我来啦 · 幼小衔接测试卷（2024）,,86,0,,,86,581.93,9.31,2026-07-17 18:47:26
武清仓,维修库位,智能内容,673999,9787545923704,初中物理思维提升 3级(2024),,85,0,,,85,514.31,29.88,2026-07-17 18:47:26
武清仓,维修库位,智能内容,578148,9787121459573,1000题刷透初中计算,,84,0,,,84,613.0,5.62,2026-07-17 18:47:26
武清仓,维修库位,智能内容,693069,9787830125912,入园倒计时21天,,82,0,,,82,385.06,0.86,2026-07-17 18:47:26
武清仓,维修库位,智能内容,725798,9787571646684,初中作文,,82,0,,,82,250.6,2.61,2026-07-17 18:47:26
武清仓,维修库位,智能内容,500748,9787510686672,小学数学周周学五年级上册RJ,,80,0,,,80,615.0,14.94,2026-07-17 18:47:26
武清仓,维修库位,智能内容,584131,9787556521722,Reading A-Z美国小学同步阅读. 9级(2023)下,,80,505,HZ9787556521722,（盒子）Reading A-Z美国小学同步阅读. 9级(2023)下,80,614.15,11.09,2026-07-17 18:47:26
武清仓,维修库位,智能内容,591086,9787830124038,纵横华夏,,79,0,,,79,453.09,46.17,2026-07-17 18:47:26
武清仓,维修库位,智能内容,696615,6973473325281,摩比思维机X200摩比七大能力游戏卡（69码）,,76,0,,,76,402.89,1.26,2026-07-17 18:47:26
武清仓,维修库位,智能内容,500750,9787510686665,小学数学周周学四年级上册RJ,,76,0,,,76,615.0,14.31,2026-07-17 18:47:26
武清仓,维修库位,智能内容,649833,9787501267590,迪士尼英语1级,,76,298,HZ9787501267590,（盒子）迪士尼英语1级,76,615.0,19.32,2026-07-17 18:47:26
武清仓,维修库位,智能内容,500764,9787510687419,学而思秘籍小学语文阅读与写作 12级（智能教辅）,,75,0,,,75,613.0,68.88,2026-07-17 18:47:26
武清仓,维修库位,智能内容,576955,9787510686139A,学而思秘籍小学数学思维培养1级（智能教辅2023）,,73,0,,,73,613.03,21.06,2026-07-17 18:47:26
武清仓,维修库位,智能内容,649413,9787510686146B,学而思秘籍小学数学思维培养2级（智能教辅2024）,,70,0,,,70,613.0,18.26,2026-07-17 18:47:26
武清仓,维修库位,智能内容,697607,9787550524651,初中英语速记词典,,70,0,,,70,302.6,2.87,2026-07-17 18:47:26
武清仓,维修库位,智能内容,791167,9787830126575,摩比爱识字第一级（升级版）,,70,0,,,70,121.46,1.21,2026-07-17 18:47:26
武清仓,维修库位,智能内容,655527,9787556524822,Reading A-Z 美国小学同步阅读 L2,,69,0,,,69,221.07,6.86,2026-07-17 18:47:26
武清仓,维修库位,智能内容,791168,9787830126582,摩比爱识字第二级（升级版）,,69,0,,,69,114.75,1.96,2026-07-17 18:47:26
武清仓,维修库位,智能内容,533731,9787513822879,Hello English Readers分级阅读1级（上）,,68,258,HZ9787513822879,(盒子)Hello English Readers分级阅读1级（上）,68,615.0,66.52,2026-07-17 18:47:26
武清仓,维修库位,智能内容,565975,9787510686146A,学而思秘籍小学数学思维培养2级（智能教辅2023）,,68,0,,,68,613.0,27.82,2026-07-17 18:47:26
武清仓,维修库位,智能内容,724871,9787550525856,小学数学思维培养 10级 （智能教辅2025）,,68,0,,,68,200.26,11.63,2026-07-17 18:47:26
武清仓,维修库位,智能内容,729799,9787218177915A,小学数学攻略（2025版）,,68,0,,,68,199.51,40.26,2026-07-17 18:47:26
武清仓,维修库位,智能内容,595376,9787572271366,摩比爱数学 探索篇 智能版,,65,219,HZ9787572271366,（盒子）摩比爱数学 探索篇 智能版,65,614.15,31.12,2026-07-17 18:47:26
武清仓,维修库位,智能内容,791169,9787830126599,摩比爱识字第三级（升级版）,,65,0,,,65,118.02,1.75,2026-07-17 18:47:26
武清仓,维修库位,智能内容,691508,9787519058500,快乐读书吧·二年级上册·读读童话故事（全4册）（线上版）,,64,0,,,64,426.27,1.34,2026-07-17 18:47:26
武清仓,维修库位,智能内容,803766,9787557922597,暑假计算天天练 二升三年级,,64,0,,,64,33.16,4.9,2026-07-17 18:47:26
武清仓,维修库位,智能内容,500787,9787510686177,学而思秘籍小学数学思维培养5级（智能教辅）,,61,350,HZ9787510686177,(盒子)学而思秘籍小学数学思维培养5级（智能教辅2024）,61,615.0,11.88,2026-07-17 18:47:26
武清仓,维修库位,智能内容,658995,9787550521841,小学数学思维培养4级（智能教辅2024新）,,61,276,HZ9787550521841,(盒子)小学数学思维培养4级（智能教辅2024新）,61,613.0,15.25,2026-07-17 18:47:26
武清仓,维修库位,智能内容,710856,9787501270330,摩比爱数学飞跃篇上（2025版）,,61,0,,,61,250.18,8.73,2026-07-17 18:47:26
武清仓,维修库位,智能内容,789405,9787548952329H,幼小衔接倒计时99天（2026版）,,61,0,,,61,152.52,1.61,2026-07-17 18:47:26
武清仓,维修库位,智能内容,671004,9787550522152,小学数学思维培养9级(2024新),,60,0,,,60,508.47,7.4,2026-07-17 18:47:26
武清仓,维修库位,智能内容,564981,ZNNR202304130006,学而思秘籍·小学数学应用题专项突破+练习（六年级）（2023）,,59,0,,,59,526.98,44.62,2026-07-17 18:47:26
武清仓,维修库位,智能内容,666750,9787548958604,幼小衔接计算48招,,59,0,,,59,605.75,4.87,2026-07-17 18:47:26
武清仓,维修库位,智能内容,531683,9787501259014,我的Highlights：美国科学分级图书馆（提高级）全50册 适用于小学3-4年级,,58,0,,,58,615.0,15.26,2026-07-17 18:47:26
武清仓,维修库位,智能内容,726989,9787501270743,初中名著 骆驼祥子,,58,0,,,58,198.48,3.85,2026-07-17 18:47:26
武清仓,维修库位,智能内容,693017,9787548960850,摩比启蒙机x200摩比思维卡L1,,57,0,,,57,424.09,0.39,2026-07-17 18:47:26
武清仓,维修库位,智能内容,500754,9787510686641,小学数学周周学二年级上册,,57,0,,,57,615.0,10.96,2026-07-17 18:47:26
武清仓,维修库位,智能内容,500768,9787510687389,学而思秘籍小学语文阅读与写作 9级（智能教辅）,,57,0,,,57,615.0,42.75,2026-07-17 18:47:26
武清仓,维修库位,智能内容,655526,9787556524815,Reading A-Z 美国小学同步阅读 L1,,57,0,,,57,223.95,3.56,2026-07-17 18:47:26
武清仓,维修库位,智能内容,687243,9787548960324,摩比数学玩具·数感小镇探险,,55,0,,,55,435.07,117.86,2026-07-17 18:47:26
武清仓,维修库位,智能内容,658999,9787550521728,小学数学思维培养5级（智能教辅2024新）,,55,0,,,55,593.71,13.16,2026-07-17 18:47:26
武清仓,维修库位,智能内容,664814,9787218177915,小学数学攻略,,55,0,,,55,606.56,190.38,2026-07-17 18:47:26
武清仓,维修库位,智能内容,656762,9787218176147,思维创新大通关数学二年级（智能教辅2024）,,54,0,,,54,592.89,32.4,2026-07-17 18:47:26
武清仓,维修库位,智能内容,725796,9787571646691,初中英语作文,,54,0,,,54,256.37,1.56,2026-07-17 18:47:26
武清仓,维修库位,智能内容,661581,9787550521698,小学数学计算专项突破五年级(2024新),,53,0,,,53,584.98,10.02,2026-07-17 18:47:26
武清仓,维修库位,智能内容,500753,9787510688287,小学语文周周学二年级上册,,52,0,,,52,615.0,23.88,2026-07-17 18:47:26
武清仓,维修库位,智能内容,710853,9787501270484,摩比爱数学萌芽篇下（2025版）,,52,0,,,52,258.94,15.1,2026-07-17 18:47:26
武清仓,维修库位,智能内容,786412,9787550526877,初中数学思维提升七年级下（2026智能教辅）,,52,0,,,52,181.96,7.03,2026-07-17 18:47:26
武清仓,维修库位,智能内容,658997,9787550521858,小学数学思维培养3级（智能教辅2024新）,,51,202,HZ9787550521858,(盒子)小学数学思维培养3级（智能教辅2024新）,51,613.02,14.53,2026-07-17 18:47:26
武清仓,维修库位,智能内容,692353,ZNNR250414201,快乐读书吧·三年级上册（全三册线上版）,,51,0,,,51,427.94,0.46,2026-07-17 18:47:26
武清仓,维修库位,智能内容,710852,9787501270354,摩比爱数学萌芽篇上（2025版）,,51,0,,,51,259.16,5.28,2026-07-17 18:47:26
武清仓,维修库位,智能内容,710855,9787501270477,摩比爱数学探索篇下（2025版）,,51,0,,,51,254.78,13.99,2026-07-17 18:47:26
武清仓,维修库位,智能内容,500770,9787510687372,学而思秘籍小学语文阅读与写作 8级（智能教辅）,,50,0,,,50,615.0,23.2,2026-07-17 18:47:26
武清仓,维修库位,智能内容,500773,9787510687358,学而思秘籍小学语文阅读与写作 6级（智能教辅）,,49,0,,,49,615.0,20.9,2026-07-17 18:47:26
武清仓,维修库位,智能内容,657522,9787550521551,摩比全脑开发3000问. 2-4岁,,49,0,,,49,613.9,2.71,2026-07-17 18:47:26
武清仓,维修库位,智能内容,658994,9787550521803,小学数学思维培养6级（智能教辅2024新）,,48,787,HZ9787550521803,(盒子)小学数学思维培养6级（智能教辅2024新）,48,613.0,21.49,2026-07-17 18:47:26
武清仓,维修库位,智能内容,668241,9787550522169,小学数学思维培养10级（智能教辅2024新）,,48,0,,,48,548.56,21.39,2026-07-17 18:47:26
武清仓,维修库位,智能内容,500775,9787510687334,学而思秘籍小学语文阅读与写作 4级（智能教辅）,,47,0,,,47,615.0,19.14,2026-07-17 18:47:26
武清仓,维修库位,智能内容,668239,9787550522190,学而思秘籍初中数学思维提升5级(智能教辅2024),,47,0,,,47,565.0,36.47,2026-07-17 18:47:26
武清仓,维修库位,智能内容,692992,9787556527786,Reading A-Z 美国小学同步阅读 10级（点读书）上,,47,0,,,47,378.21,13.82,2026-07-17 18:47:26
武清仓,维修库位,智能内容,592983,9787510686191A,学而思秘籍小学数学思维培养7级（智能教辅2023）,,46,0,,,46,613.0,9.54,2026-07-17 18:47:26
武清仓,维修库位,智能内容,793373,9787519921262,大声读必认字（升级版）,,46,0,,,46,111.54,2.13,2026-07-17 18:47:26
武清仓,维修库位,智能内容,730920,ZNNR251205103,快乐读书吧·四年级下册（全四册）（2025线上版）,,46,0,,,46,204.04,0.76,2026-07-17 18:47:26
武清仓,维修库位,智能内容,537645,9787572237287,小学英语周周学 2级 上册,,45,790,HZ9787572237287,(盒子)小学英语周周学 2级 上册,45,613.04,25.16,2026-07-17 18:47:26
武清仓,维修库位,智能内容,537649,9787572237324,小学英语周周学 6级 上册,,45,1450,HZ9787572237324,(盒子)小学英语周周学 6级 上册,45,613.04,32.66,2026-07-17 18:47:26
武清仓,维修库位,智能内容,500745,9787510688324,小学语文周周学六年级上册,,44,0,,,44,615.0,29.55,2026-07-17 18:47:26
武清仓,维修库位,智能内容,551671,9787548952312,摩比玩折纸,,44,0,,,44,613.16,1.92,2026-07-17 18:47:26
武清仓,维修库位,智能内容,677364,ZNNR2024111806,快乐读书吧·六年级下册（全四册）,,44,0,,,44,580.2,1.06,2026-07-17 18:47:26
武清仓,维修库位,智能内容,500756,9787510686634,小学数学周周学一年级上册,,43,40,HZ9787510686634,(盒子)小学数学周周学一年级上册,43,615.0,8.08,2026-07-17 18:47:26
武清仓,维修库位,智能内容,658996,9787550521810,小学数学思维培养7级（智能教辅2024新）,,43,658,HZ9787550521810,(盒子)小学数学思维培养7级（智能教辅2024新）,43,545.33,9.19,2026-07-17 18:47:26
武清仓,维修库位,智能内容,664344,9787547750087,看图学拼音：拼音拼读第一课,,43,0,,,43,613.98,2.17,2026-07-17 18:47:26
武清仓,维修库位,智能内容,692988,9787556527748,Reading A-Z 美国小学同步阅读 6级（点读书）上,,42,0,,,42,400.33,8.42,2026-07-17 18:47:26
武清仓,维修库位,智能内容,500774,9787510687341,学而思秘籍小学语文阅读与写作 5级（智能教辅）,,41,0,,,41,615.0,15.77,2026-07-17 18:47:26
武清仓,维修库位,智能内容,662487,9787830125189,一年级我来啦·描红天天练（2024）,,41,0,,,41,613.98,9.84,2026-07-17 18:47:26
武清仓,维修库位,智能内容,500752,9787510686658,小学数学周周学三年级上册RJ,,40,0,,,40,615.0,7.91,2026-07-17 18:47:26
武清仓,维修库位,智能内容,500776,9787510687327,学而思秘籍小学语文阅读与写作 3级（智能教辅）,,40,672,HZ9787510687327,(盒子)学而思秘籍小学语文阅读与写作 3级（智能教辅）,40,615.0,32.14,2026-07-17 18:47:26
武清仓,维修库位,智能内容,656763,9787218176154,思维创新大通关数学三年级（智能教辅2024）,,40,0,,,40,558.5,14.4,2026-07-17 18:47:26
武清仓,维修库位,智能内容,656764,9787218176161,思维创新大通关数学四年级（智能教辅2024）,,39,0,,,39,595.67,20.06,2026-07-17 18:47:26
武清仓,维修库位,智能内容,533132,9787510686849,小学数学周周学五年级下册,,38,0,,,38,613.0,69.8,2026-07-17 18:47:26
武清仓,维修库位,智能内容,649834,9787501267583,迪士尼英语2级,,38,684,HZ9787501267583,（盒子）迪士尼英语2级,38,615.0,29.48,2026-07-17 18:47:26
武清仓,维修库位,智能内容,697319,9787550525009,摩比分级数学启蒙绘本. 小班,,38,0,,,38,381.66,3.02,2026-07-17 18:47:26
武清仓,维修库位,智能内容,730921,ZNNR251205104,快乐读书吧·五年级下册（全四册）（2025线上版）,,38,0,,,38,204.58,0.82,2026-07-17 18:47:26
武清仓,维修库位,智能内容,500755,9787510688270,小学语文周周学一年级上册,,37,0,,,37,615.0,13.32,2026-07-17 18:47:26
武清仓,维修库位,智能内容,655532,ZNNR20240528102,RAZ单词王点读大书,,37,0,,,37,608.92,3.62,2026-07-17 18:47:26
武清仓,维修库位,智能内容,693077,9787548960836,摩比启蒙机X200小猪佩奇语文卡·1级,,36,0,,,36,421.78,0.29,2026-07-17 18:47:26
武清仓,维修库位,智能内容,581065,6973473321405,阅读理解方法课,,36,31,HZ6973473321405,(盒子)阅读理解方法课,36,613.0,10.32,2026-07-17 18:47:26
武清仓,维修库位,智能内容,656765,9787218176178,思维创新大通关数学五年级（智能教辅2024）,,36,0,,,36,542.0,16.79,2026-07-17 18:47:26
武清仓,维修库位,智能内容,672877,9787550522695,学而思秘籍初中数学思维提升4级(智能教辅2024),,36,0,,,36,512.06,45.63,2026-07-17 18:47:26
武清仓,维修库位,智能内容,537661,9787572247316,剑桥英语周周学3级下册,,35,1466,HZ9787572247316,(盒子)剑桥英语周周学3级下册,35,613.06,19.94,2026-07-17 18:47:26
武清仓,维修库位,智能内容,662489,9787501268115,摩比爱表达（2024）,,35,0,,,35,615.0,2.15,2026-07-17 18:47:26
武清仓,维修库位,智能内容,500746,9787510686689,小学数学周周学六年级上册RJ,,34,0,,,34,615.0,4.98,2026-07-17 18:47:26
武清仓,维修库位,智能内容,500751,9787510688294,小学语文周周学三年级上册,,34,0,,,34,615.0,10.97,2026-07-17 18:47:26
武清仓,维修库位,智能内容,537647,9787572237300,小学英语周周学 4级 上册,,34,1609,HZ9787572237300,(盒子)小学英语周周学 4级 上册,34,615.0,50.16,2026-07-17 18:47:26
武清仓,维修库位,智能内容,591525,9787121464874,69模型公式秒解初中几何,,34,0,,,34,546.26,2.37,2026-07-17 18:47:26
武清仓,维修库位,智能内容,662631,9787550521940,思维创新大通关数学一年级（2024平装版）,,34,0,,,34,357.82,5.69,2026-07-17 18:47:26
武清仓,维修库位,智能内容,671003,9787550522206,小学数学思维培养8级(2024新),,34,0,,,34,604.29,3.0,2026-07-17 18:47:26
武清仓,维修库位,智能内容,789074,9787501271689,摩比汉语分级绘本 第一级,,34,0,,,34,127.97,5.04,2026-07-17 18:47:26
武清仓,维修库位,智能内容,537658,9787572247286,剑桥英语周周学4级下册,,33,1058,HZ9787572247286,(盒子)剑桥英语周周学4级下册,33,613.0,63.19,2026-07-17 18:47:26
武清仓,维修库位,智能内容,537660,9787572247309,剑桥英语周周学2级下册,,33,1312,HZ9787572247309,(盒子)剑桥英语周周学2级下册,33,613.03,19.29,2026-07-17 18:47:26
武清仓,维修库位,智能内容,546871,9787532968268,摩比分级数学 飞跃篇,,33,0,,,33,598.42,9.4,2026-07-17 18:47:26
武清仓,维修库位,智能内容,662615,9787550522039,小学数学思维培养8级（智能教辅2024新）,,33,0,,,33,595.06,11.6,2026-07-17 18:47:26
武清仓,维修库位,智能内容,662634,9787550521933,思维创新大通关数学四年级（2024平装版）,,33,0,,,33,350.03,9.8,2026-07-17 18:47:26
武清仓,维修库位,智能内容,667604,9787830125301,大语文诵读 幼儿启蒙,,33,0,,,33,577.3,2.03,2026-07-17 18:47:26
武清仓,维修库位,智能内容,687244,9787548960300,摩比数学玩具·探访图形王国,,32,0,,,32,455.78,92.9,2026-07-17 18:47:26
武清仓,维修库位,智能内容,558791,2980571097438,zp.湖南科技-四五快读（全8册）大套,,32,0,,,32,32.0,0,2026-07-17 18:47:26
武清仓,维修库位,智能内容,576360,9787510686160A,学而思秘籍小学数学思维培养4级（智能教辅2023）,,32,0,,,32,615.0,8.52,2026-07-17 18:47:26
武清仓,维修库位,智能内容,610709,9787537988971,摩比汉语分级阅读 飞跃篇 点读书,,32,0,,,32,614.41,4.76,2026-07-17 18:47:26
武清仓,维修库位,智能内容,658998,9787550521827,小学数学思维培养9级（智能教辅2024新）,,32,670,HZ9787550521827,(盒子)小学数学思维培养9级（智能教辅2024新）,32,613.0,15.16,2026-07-17 18:47:26
武清仓,维修库位,智能内容,677042,9787519917395,袋鼠趣味数学等级1 （全2册2024）,,32,0,,,32,565.16,8.78,2026-07-17 18:47:26
武清仓,维修库位,智能内容,573116,9787551828932,看图写话方法课,,31,292,HZ9787551828932,（盒子）看图写话方法课,31,613.0,14.09,2026-07-17 18:47:26
武清仓,维修库位,智能内容,656761,9787218176130,思维创新大通关数学一年级（智能教辅2024）,,31,0,,,31,421.65,16.61,2026-07-17 18:47:26
武清仓,维修库位,智能内容,662632,9787550521957,思维创新大通关数学二年级（2024平装版）,,31,0,,,31,370.32,6.24,2026-07-17 18:47:26
武清仓,维修库位,智能内容,674194,9787540893637,小学数学周周学二年级下册(2024),,31,0,,,31,554.0,11.58,2026-07-17 18:47:26
武清仓,维修库位,智能内容,500778,9787510687310,学而思秘籍小学语文阅读与写作 2级（智能教辅）,,30,0,,,30,615.0,9.0,2026-07-17 18:47:26
武清仓,维修库位,智能内容,662614,9787550522046,小学数学思维培养2级 （智能教辅2024新）,,30,0,,,30,524.93,11.34,2026-07-17 18:47:26
武清仓,维修库位,智能内容,662635,9787550521926,思维创新大通关数学五年级（2024平装版）,,30,0,,,30,346.23,5.81,2026-07-17 18:47:26
武清仓,维修库位,智能内容,671005,9787550522183,小学数学思维培养10级(2024新),,30,0,,,30,502.67,4.13,2026-07-17 18:47:26
武清仓,维修库位,智能内容,671566,9787550522749,思维创新大通关数学六年级(2024平装版),,30,0,,,30,349.5,9.15,2026-07-17 18:47:26
武清仓,维修库位,智能内容,692989,9787556527755,Reading A-Z 美国小学同步阅读 7级（点读书）上,,30,0,,,30,237.63,7.76,2026-07-17 18:47:26
武清仓,维修库位,智能内容,693025,9787548960829,摩比启蒙机X200-小猪佩奇英语卡L1,,29,0,,,29,423.93,0.25,2026-07-17 18:47:26
武清仓,维修库位,智能内容,531693,9787501260119,我的hightlights：美国科学分级图书馆（飞跃级）全50册,,29,0,,,29,615.0,8.23,2026-07-17 18:47:26
武清仓,维修库位,智能内容,569848,9787830124168,大语文分级诵读 一级,,29,0,,,29,613.0,3.22,2026-07-17 18:47:26
武清仓,维修库位,智能内容,666237,ZNNR20240805001,学而思大语文分级阅读·第一学段第一季 1-2年级（全十册）（2024）,,29,0,,,29,439.41,5.99,2026-07-17 18:47:26
武清仓,维修库位,智能内容,682011,9787548952329E,幼小衔接倒计时99天-定制升级版 （2025）,,29,0,,,29,507.79,1.16,2026-07-17 18:47:26
武清仓,维修库位,智能内容,803765,9787557922580,暑假计算天天练 一升二年级,,29,0,,,29,39.55,6.74,2026-07-17 18:47:26
武清仓,维修库位,智能内容,532255,9787510652035D01A,ABCtime美国小学同步阅读第九级（2022）,,28,0,,,28,615.0,34.52,2026-07-17 18:47:26
武清仓,维修库位,智能内容,533156,9787510687280,学而思秘籍初中语文阅读与写作 5级（智能教辅）,,28,0,,,28,531.82,126.0,2026-07-17 18:47:26
武清仓,维修库位,智能内容,546870,9787532968244,摩比分级数学 探索篇,,28,0,,,28,601.39,10.77,2026-07-17 18:47:26
武清仓,维修库位,智能内容,582610,9787830124335,Hello English Readers英语分级阅读3级上（2023）,,28,0,,,28,615.0,22.11,2026-07-17 18:47:26
武清仓,维修库位,智能内容,664812,9787545922967,初中语文阅读与写作 1级(智能教辅2024),,28,0,,,28,613.0,21.91,2026-07-17 18:47:26
武清仓,维修库位,智能内容,697320,9787550524989,摩比分级数学启蒙绘本. 中班,,28,0,,,28,382.61,3.68,2026-07-17 18:47:26
武清仓,维修库位,智能内容,796168,9787519061845,学而思阅读树（3级全10册）,,28,0,,,28,85.5,18.81,2026-07-17 18:47:26
武清仓,维修库位,智能内容,610706,9787510686160B,学而思秘籍小学数学思维培养4级（智能教辅2024）,,27,0,,,27,613.0,86.79,2026-07-17 18:47:26
武清仓,维修库位,智能内容,662613,9787550522053,小学数学思维培养1级（智能教辅2024新）,,27,0,,,27,513.0,10.52,2026-07-17 18:47:26
武清仓,维修库位,智能内容,500883,2020042118303,学而思大语文分级阅读·第三学段第二季 5-6年级（全八册）,,26,50,HZ2020042118303,(盒子)学而思大语文分级阅读·第三学段第二季 5-6年级（全八册）,26,585.5,12.51,2026-07-17 18:47:26
武清仓,维修库位,智能内容,674193,9787540893620,小学数学周周学一年级下册(2024),,26,0,,,26,560.35,10.04,2026-07-17 18:47:26
武清仓,维修库位,智能内容,683627,9787830125790,英语晨读 读出英语基本功,,26,0,,,26,505.62,2.49,2026-07-17 18:47:26
武清仓,维修库位,智能内容,692990,9787556527762,Reading A-Z 美国小学同步阅读 8级（点读书）上,,26,0,,,26,242.15,7.99,2026-07-17 18:47:26
武清仓,维修库位,智能内容,675137,9787557916572,小学语文周周学一年级下册（2024）,,25,0,,,25,573.88,19.74,2026-07-17 18:47:26
武清仓,维修库位,智能内容,533111,9787510686559,学而思秘籍 初中数学思维提升 5级（智能教辅）,,24,0,,,24,615.0,31.76,2026-07-17 18:47:26
武清仓,维修库位,智能内容,608650,9787510686153C,学而思秘籍小学数学思维培养3级（智能教辅2024）,,24,0,,,24,613.0,34.29,2026-07-17 18:47:26
武清仓,维修库位,智能内容,649836,9787501267569,迪士尼英语4级,,24,0,,,24,613.04,13.58,2026-07-17 18:47:26
武清仓,维修库位,智能内容,691203,9787550524392,暑假衔接领跑课 新初二 英语,,24,0,,,24,280.88,7.55,2026-07-17 18:47:26
武清仓,维修库位,智能内容,701212,9787557919917,计算天天练二年级上册（2025）,,24,0,,,24,349.0,3.7,2026-07-17 18:47:26
武清仓,维修库位,智能内容,500771,9787510687365,学而思秘籍小学语文阅读与写作 7级（智能教辅）,,23,0,,,23,615.0,5.85,2026-07-17 18:47:26
武清仓,维修库位,智能内容,500784,9787510686207,学而思秘籍小学数学思维培养8级（智能教辅）,,23,0,,,23,615.0,2.39,2026-07-17 18:47:26
武清仓,维修库位,智能内容,531680,9787501259007,我的Highlights：美国科学分级图书馆 启蒙级,,23,0,,,23,125.78,14.79,2026-07-17 18:47:26
武清仓,维修库位,智能内容,532343,9787510660030D01A,ABCtime美国小学同步阅读第一级（2022）,,23,0,,,23,615.0,13.53,2026-07-17 18:47:26
武清仓,维修库位,智能内容,591524,9787830124632,大侦探福尔摩比 第一辑,,23,0,,,23,613.0,2.29,2026-07-17 18:47:26
武清仓,维修库位,智能内容,673710,9787572271403A,摩比爱数学 飞跃篇 智能版（2024）,,23,0,,,23,603.57,10.45,2026-07-17 18:47:26
武清仓,维修库位,智能内容,691202,9787550524415,暑假衔接领跑课 新初二 语文,,23,0,,,23,236.26,6.83,2026-07-17 18:47:26
武清仓,维修库位,智能内容,692358,ZNNR250414202,快乐读书吧·四年级上册（全四册线上版）,,23,0,,,23,433.22,0.27,2026-07-17 18:47:26
武清仓,维修库位,智能内容,692991,9787556527779,Reading A-Z 美国小学同步阅读 9级（点读书）上,,23,0,,,23,260.17,7.11,2026-07-17 18:47:26
武清仓,维修库位,智能内容,725873,9787519917449A,8大模型趣解新乘除（升级版）,,23,0,,,23,258.0,3.08,2026-07-17 18:47:26
武清仓,维修库位,智能内容,696240,9787547752524,摩比启蒙机x200摩比思维卡L3,,22,0,,,22,372.73,1.18,2026-07-17 18:47:26
武清仓,维修库位,智能内容,532249,9787510651977D01A,ABCtime美国小学同步阅读第十级（2022）,,22,0,,,22,615.0,30.0,2026-07-17 18:47:26
武清仓,维修库位,智能内容,532283,9787510653100D01A,ABCtime美国小学同步阅读第七级（2022）,,22,0,,,22,615.0,18.0,2026-07-17 18:47:26
武清仓,维修库位,智能内容,595377,9787572271403,摩比爱数学 飞跃篇 智能版,,22,200,HZ9787572271403,（盒子）摩比爱数学 飞跃篇 智能版,22,614.82,5.06,2026-07-17 18:47:26
武清仓,维修库位,智能内容,668737,9787548957980,摩比爱历史 第1辑,,22,0,,,22,614.82,1.64,2026-07-17 18:47:26
武清仓,维修库位,智能内容,668738,9787548957997,摩比爱历史 第2辑,,22,0,,,22,614.95,1.81,2026-07-17 18:47:26
武清仓,维修库位,智能内容,683625,9787545922851,学而思秘籍初中英语语言积累与读写提升1级（2025）,,22,0,,,22,486.0,13.85,2026-07-17 18:47:26
武清仓,维修库位,智能内容,786411,9787550526860,初中数学思维提升八年级下（2026智能教辅）,,22,0,,,22,186.68,5.74,2026-07-17 18:47:26
武清仓,维修库位,智能内容,693016,9787548960843,摩比启蒙机x200摩比思维卡L0,,21,0,,,21,424.0,0.12,2026-07-17 18:47:26
武清仓,维修库位,智能内容,696239,9787547752517,摩比启蒙机x200摩比思维卡L2,,21,0,,,21,378.29,0.8,2026-07-17 18:47:26
武清仓,维修库位,智能内容,610708,9787537988995,摩比汉语分级阅读 探索篇 点读书,,21,0,,,21,615.0,3.85,2026-07-17 18:47:26
武清仓,维修库位,智能内容,610710,9787537988988,摩比汉语分级阅读 成长篇 点读书,,21,0,,,21,615.0,2.46,2026-07-17 18:47:26
武清仓,维修库位,智能内容,662633,9787550521964,思维创新大通关数学三年级（2024平装版）,,21,0,,,21,368.0,4.77,2026-07-17 18:47:26
武清仓,维修库位,智能内容,664342,9787547750094,识字多多：识字启蒙第一课,,21,0,,,21,613.05,1.42,2026-07-17 18:47:26
武清仓,维修库位,智能内容,666753,9787830125325,小学益智数独大作战 中级(2024),,21,0,,,21,614.9,3.32,2026-07-17 18:47:26
武清仓,维修库位,智能内容,801699,9787550527690,新初一预习有重点 数学RJ 语文 英语,,21,0,,,21,58.95,15.62,2026-07-17 18:47:26
武清仓,维修库位,Learn and Play,674288,9787540893699,英语天天练小学核心900词（书号版）,,20,0,,,20,415.0,300.0,2026-07-17 18:47:26
武清仓,维修库位,智能内容,729695,ZNNR251124101,学而思摩比思维机-疯狂动物城2英语游戏卡,,20,0,,,20,223.0,0.38,2026-07-17 18:47:26
武清仓,维修库位,智能内容,504678,9787510685057,思维创新大通关数学六年级（智能教辅）,,20,0,,,20,615.0,9.09,2026-07-17 18:47:26
武清仓,维修库位,智能内容,532279,9787510652899D01A,ABCtime美国小学同步阅读第八级（2022）,,20,0,,,20,615.0,18.56,2026-07-17 18:47:26
武清仓,维修库位,智能内容,537646,9787572237294,小学英语周周学 3级 上册,,20,1434,HZ9787572237294,(盒子)小学英语周周学 3级 上册,20,613.0,18.37,2026-07-17 18:47:26
武清仓,维修库位,智能内容,666752,9787830125318,小学益智数独大作战 初级(2024),,20,0,,,20,613.0,2.28,2026-07-17 18:47:26
武清仓,维修库位,智能内容,666754,9787830125332,小学益智数独大作战 高级(2024),,20,0,,,20,615.0,2.44,2026-07-17 18:47:26
武清仓,维修库位,智能内容,671007,9787550522756,小学数学思维培养12级(2024新),,20,0,,,20,275.0,4.47,2026-07-17 18:47:26
武清仓,维修库位,智能内容,692373,ZNNR250414204,快乐读书吧·六年级上册（全三册线上版）,,20,0,,,20,431.35,0.36,2026-07-17 18:47:26
武清仓,维修库位,智能内容,698266,9787548961703,超图解同步作文 三年级上册,,20,0,,,20,374.0,4.79,2026-07-17 18:47:26
武清仓,维修库位,智能内容,788975,ZNNR260108101,快乐读书吧·三年级下册（全四册）（2025线上升级版）,,20,0,,,20,175.3,0.6,2026-07-17 18:47:26
武清仓,维修库位,智能内容,531691,9787501260041,我的Highlights：美国科学分级图书馆（进阶级）全50册 适用于小学5-6年级,,19,0,,,19,615.0,28.98,2026-07-17 18:47:26
武清仓,维修库位,智能内容,572881,9787551828949,小学作文方法课,,19,338,HZ9787551828949,(盒子)小学作文方法课,19,613.42,9.19,2026-07-17 18:47:26
武清仓,维修库位,智能内容,649837,9787501267552,迪士尼英语5级,,19,0,,,19,613.11,31.09,2026-07-17 18:47:26
武清仓,维修库位,智能内容,672878,9787550522688,学而思秘籍初中数学思维提升6级(智能教辅2024),,19,0,,,19,542.42,31.67,2026-07-17 18:47:26
武清仓,维修库位,智能内容,677449,9787519057183,学而思阅读树（1级全10册）,,19,0,,,19,573.0,2.19,2026-07-17 18:47:26
武清仓,维修库位,智能内容,677450,9787519057190,学而思阅读树（2级全10册）,,19,0,,,19,573.0,3.14,2026-07-17 18:47:26
武清仓,维修库位,智能内容,690455,9787556528356,Reading A-Z 速刷版,,19,0,,,19,458.11,1.46,2026-07-17 18:47:26
武清仓,维修库位,智能内容,691201,9787550524378,暑假衔接领跑课 新初二 数学,,19,0,,,19,342.21,6.17,2026-07-17 18:47:26
武清仓,维修库位,智能内容,537644,9787572237270,小学英语周周学 1级 上册,,18,1087,HZ9787572237270,(盒子)小学英语周周学 1级 上册,18,613.11,5.36,2026-07-17 18:47:26
武清仓,维修库位,智能内容,610328,9787501267361,新加坡口算涂画书 2~4岁,,18,0,,,18,613.0,1.97,2026-07-17 18:47:26
武清仓,维修库位,智能内容,610707,9787537988964,摩比汉语分级阅读 萌芽篇 点读书,,18,0,,,18,615.0,2.01,2026-07-17 18:47:26
武清仓,维修库位,智能内容,691204,9787550524408,暑假衔接领跑课 新初二 物理,,18,0,,,18,283.44,6.02,2026-07-17 18:47:26
武清仓,维修库位,智能内容,693024,9787548960805,摩比启蒙机X200-小猪佩奇英语卡L0,,17,0,,,17,426.0,0.1,2026-07-17 18:47:26
武清仓,维修库位,智能内容,500779,9787510687303,学而思秘籍小学语文阅读与写作 1级（智能教辅）,,17,51,HZ9787510687303,(盒子)学而思秘籍小学语文阅读与写作 1级（智能教辅）,17,615.0,3.87,2026-07-17 18:47:26
武清仓,维修库位,智能内容,533112,9787510686566,学而思秘籍 初中数学思维提升 6级（智能教辅）,,17,0,,,17,615.0,12.54,2026-07-17 18:47:26
武清仓,维修库位,智能内容,650149,9787551164177A,计算真有趣-100以内数的计算（升级版）,,17,0,,,17,613.0,1.79,2026-07-17 18:47:26
武清仓,维修库位,智能内容,654448,9787501267705,学前七大能力课堂 思维启蒙第1课 3~4岁 1~3（2024）,,17,0,,,17,600.12,2.48,2026-07-17 18:47:26
武清仓,维修库位,智能内容,661578,9787550521711,小学数学计算专项突破二年级(2024新),,17,0,,,17,613.0,0.71,2026-07-17 18:47:26
武清仓,维修库位,智能内容,672389,9787830125493,大侦探福尔摩比 第三辑,,17,0,,,17,615.0,1.54,2026-07-17 18:47:26
武清仓,维修库位,智能内容,674195,9787540893644,小学数学周周学三年级下册(2024),,17,0,,,17,530.29,7.89,2026-07-17 18:47:26
武清仓,维修库位,智能内容,710857,9787501270491,摩比爱数学飞跃篇下（2025版）,,17,0,,,17,270.0,4.66,2026-07-17 18:47:26
武清仓,维修库位,智能内容,693076,9787548960812,摩比启蒙机X200小猪佩奇语文卡·0级,,16,0,,,16,421.94,0.1,2026-07-17 18:47:26
武清仓,维修库位,智能内容,533157,9787510687297,学而思秘籍初中语文阅读与写作 6级（智能教辅）,,16,0,,,16,613.0,68.57,2026-07-17 18:47:26
武清仓,维修库位,智能内容,585893,9787218168333,初中英语词汇 中考题型分类速记,,16,0,,,16,613.0,2.17,2026-07-17 18:47:26
武清仓,维修库位,智能内容,654453,9787501267750,学前七大能力课堂 思维启蒙第1课 5~6岁 4~6（2024）,,16,0,,,16,602.19,3.87,2026-07-17 18:47:26
武清仓,维修库位,智能内容,655550,ZNNR20240528101,Reading A-Z 美国小学同步阅读（零基础启蒙速刷版）,,16,463,HZZNNR20240528101,（盒子）Reading A-Z 美国小学同步阅读（零基础启蒙速刷版）,16,615.0,14.26,2026-07-17 18:47:26
武清仓,维修库位,智能内容,671032,9787501268375,古诗启蒙第一课,,16,0,,,16,613.0,3.01,2026-07-17 18:47:26
武清仓,维修库位,智能内容,730922,ZNNR251205105,快乐读书吧·六年级下册（全四册）（2025线上版）,,16,0,,,16,205.0,1.06,2026-07-17 18:47:26
武清仓,维修库位,智能内容,610465,9787551168892A,摩比启蒙机X200-摩比中华古诗词,,15,0,,,15,615.0,0.37,2026-07-17 18:47:26
武清仓,维修库位,智能内容,610466,9787571023478A,摩比启蒙机X200-四五快读识字,,15,0,,,15,615.0,0.74,2026-07-17 18:47:26
武清仓,维修库位,智能内容,500747,9787510688317,小学语文周周学五年级上册,,15,0,,,15,615.0,6.43,2026-07-17 18:47:26
武清仓,维修库位,智能内容,532321,9787510659997D01A,ABCtime美国小学同步阅读第五级（2022）,,15,0,,,15,615.0,24.11,2026-07-17 18:47:26
武清仓,维修库位,智能内容,572876,ZNNR20230607102,哈佛外教英语启蒙 第二级,,15,1306,HZZNNR20230607102,（盒子）哈佛外教英语启蒙 第二级,15,615.0,19.85,2026-07-17 18:47:26
武清仓,维修库位,智能内容,654149,9787548956839,361法看图写话 一年级,,15,0,,,15,586.33,3.74,2026-07-17 18:47:26
武清仓,维修库位,智能内容,671006,9787550522763,小学数学思维培养11级(2024新),,15,0,,,15,505.0,3.09,2026-07-17 18:47:26
武清仓,维修库位,智能内容,671050,ZNNR20240911101,学而思大语文分级阅读·第一学段第三季 1-2年级（全八册）（2024）,,15,0,,,15,251.13,6.08,2026-07-17 18:47:26
武清仓,维修库位,智能内容,674196,9787540893651,小学数学周周学四年级下册(2024),,15,0,,,15,551.0,8.28,2026-07-17 18:47:26
武清仓,维修库位,智能内容,675138,9787557916589,小学语文周周学二年级下册（2024）,,15,0,,,15,575.0,11.34,2026-07-17 18:47:26
武清仓,维修库位,智能内容,683628,9787830125806,英语晨读 读出英语词汇量,,15,0,,,15,505.87,1.76,2026-07-17 18:47:26
武清仓,维修库位,智能内容,697039,ZNNR250529103,快乐读书吧·五年级上册（全四册）（王芳版）,,15,0,,,15,395.73,9.64,2026-07-17 18:47:26
武清仓,维修库位,智能内容,700721,9787574807587,英语启蒙日常表达篇,,15,0,,,15,349.0,1.23,2026-07-17 18:47:26
武清仓,维修库位,智能内容,533153,9787510687259,学而思秘籍初中语文阅读与写作 2级（智能教辅）,,14,0,,,14,558.43,17.26,2026-07-17 18:47:26
武清仓,维修库位,智能内容,533154,9787510687266,学而思秘籍初中语文阅读与写作 3级（智能教辅）,,14,0,,,14,567.43,25.2,2026-07-17 18:47:26
武清仓,维修库位,智能内容,533194,9787510689796,学而思周周学小学语文一年级下册,,14,0,,,14,615.0,10.16,2026-07-17 18:47:26
武清仓,维修库位,智能内容,533197,9787510689826,学而思周周学小学语文四年级下册,,14,0,,,14,613.0,2.86,2026-07-17 18:47:26
武清仓,维修库位,智能内容,661580,9787550521681,小学数学计算专项突破四年级(2024新),,14,0,,,14,591.93,2.27,2026-07-17 18:47:26
武清仓,维修库位,智能内容,675535,ZNNR20241101101,学而思大语文分级阅读·第二学段第二季 3-4年级（全九册）（2024）,,14,0,,,14,270.0,13.85,2026-07-17 18:47:26
武清仓,维修库位,智能内容,680284,9787550523654,单元归类复习. 小学语文六年级 下册,,14,0,,,14,523.0,3.65,2026-07-17 18:47:26
武清仓,维修库位,智能内容,692431,9787550524187,课堂笔记 语文二年级上册,,14,0,,,14,428.57,6.24,2026-07-17 18:47:26
武清仓,维修库位,智能内容,694593,9787557918972,暑假应用新计算 小学数学 五升六年级RJ,,14,0,,,14,408.0,3.84,2026-07-17 18:47:26
武清仓,维修库位,智能内容,796566,ZNNR260323107,快乐读书吧·四年级上册（全四册）（2026达人版）,,14,0,,,14,60.43,15.37,2026-07-17 18:47:26
武清仓,维修库位,智能内容,654450,9787501267729,学前七大能力课堂 思维启蒙第1课 4~5岁 1~3（2024）,,13,0,,,13,613.0,1.54,2026-07-17 18:47:26
武清仓,维修库位,智能内容,657419,9787550521568,摩比全脑开发3000问. 5-6岁,,13,0,,,13,613.0,3.3,2026-07-17 18:47:26
武清仓,维修库位,智能内容,664908,6973473324703,新教材学霸速记卡——五年级同步,,13,0,,,13,525.77,22.94,2026-07-17 18:47:26
武清仓,维修库位,智能内容,668761,ZNNR20240826101,学而思大语文分级阅读.第一学段第四季（全十一册）（2024）,,13,0,,,13,309.31,6.22,2026-07-17 18:47:26
武清仓,维修库位,智能内容,672015,9787551173346,学前培优数感训练（2024）,,13,0,,,13,605.69,2.28,2026-07-17 18:47:26
武清仓,维修库位,智能内容,677652,9787830125677,摩比剪纸过大年,,13,0,,,13,573.0,4.05,2026-07-17 18:47:26
武清仓,维修库位,智能内容,692433,9787550524156,课堂笔记 语文四年级上册,,13,0,,,13,427.0,2.92,2026-07-17 18:47:26
武清仓,维修库位,智能内容,710068,9787550525511,幼小衔接必备课,,13,0,,,13,301.92,1.18,2026-07-17 18:47:26
武清仓,维修库位,智能内容,500767,9787510687396,学而思秘籍小学语文阅读与写作 10级（智能教辅）,,12,0,,,12,600.0,8.44,2026-07-17 18:47:26
武清仓,维修库位,智能内容,533198,9787510689833,学而思周周学小学语文五年级下册,,12,0,,,12,613.0,10.59,2026-07-17 18:47:26
武清仓,维修库位,智能内容,576956,9787510686184A,学而思秘籍小学数学思维培养6级（智能教辅2023）,,12,0,,,12,613.0,27.0,2026-07-17 18:47:26
武清仓,维修库位,智能内容,582611,9787830124342,Hello English Readers英语分级阅读3级下（2023）,,12,23,HZ9787830124342,（盒子）Hello English Readers英语分级阅读3级下（2023）,12,615.0,9.39,2026-07-17 18:47:26
武清仓,维修库位,智能内容,582612,9787830124359,Hello English Readers英语分级阅读4级上（2023）,,12,79,HZ9787830124359,（盒子）Hello English Readers英语分级阅读4级上（2023）,12,615.0,5.24,2026-07-17 18:47:26
武清仓,维修库位,智能内容,582615,9787830124380,Hello English Readers英语分级阅读5级下（2023）,,12,36,HZ9787830124380,（盒子）Hello English Readers英语分级阅读5级下（2023）,12,615.0,3.86,2026-07-17 18:47:26
武清仓,维修库位,智能内容,595375,9787572271380,摩比爱数学 萌芽篇 智能版,,12,256,HZ9787572271380,（盒子）摩比爱数学 萌芽篇 智能版,12,615.0,7.94,2026-07-17 18:47:26
武清仓,维修库位,智能内容,652737,9787548955924A,新标准. 暑假预复习 一升二年级,,12,0,,,12,521.42,7.77,2026-07-17 18:47:26
武清仓,维修库位,智能内容,654449,9787501267712,学前七大能力课堂 思维启蒙第1课 3~4岁 4~6（2024）,,12,0,,,12,595.33,2.25,2026-07-17 18:47:26
武清仓,维修库位,智能内容,661579,9787550521674,小学数学计算专项突破三年级(2024新),,12,0,,,12,592.0,1.21,2026-07-17 18:47:26
武清仓,维修库位,智能内容,691516,9787519058784,快乐读书吧·五年级上册·中国民间故事,,12,0,,,12,68.0,10.8,2026-07-17 18:47:26
武清仓,维修库位,智能内容,500782,9787510686221,学而思秘籍小学数学思维培养10级（智能教辅）,,11,400,HZ9787510686221,(盒子)学而思秘籍小学数学思维培养10级（智能教辅）,11,615.0,4.44,2026-07-17 18:47:26
武清仓,维修库位,智能内容,500783,9787510686214,学而思秘籍小学数学思维培养9级（智能教辅）,,11,0,,,11,615.0,2.84,2026-07-17 18:47:26
武清仓,维修库位,智能内容,500791,9787510686146,学而思秘籍小学数学思维培养2级（智能教辅）,,11,220,HZ9787510686146,(盒子)学而思秘籍小学数学思维培养2级（智能教辅2024）,11,572.64,2.01,2026-07-17 18:47:26
武清仓,维修库位,智能内容,537648,9787572237317,小学英语周周学 5级 上册,,11,1994,HZ9787572237317,(盒子)小学英语周周学 5级 上册,11,615.0,21.06,2026-07-17 18:47:26
武清仓,维修库位,智能内容,657418,9787550521575,摩比全脑开发3000问. 4-5岁,,11,0,,,11,613.0,1.77,2026-07-17 18:47:26
武清仓,维修库位,智能内容,666378,9787830125295,摩比专注力大挑战,,11,0,,,11,615.0,1.05,2026-07-17 18:47:26
武清仓,维修库位,智能内容,669692,ZNNR20240827101,学而思大语文分级阅读·第三学段第一季 5-6年级（全八册）（2024）,,11,0,,,11,378.09,6.64,2026-07-17 18:47:26
武清仓,维修库位,智能内容,671218,9787507560107,基本功看图写话一年级下册（2024）,,11,0,,,11,367.82,4.3,2026-07-17 18:47:26
武清仓,维修库位,智能内容,682674,9787519917401,袋鼠趣味数学等级2 （全2册2024）,,11,0,,,11,449.09,4.48,2026-07-17 18:47:26
武清仓,维修库位,智能内容,789076,9787501271672,摩比汉语分级绘本 第三级,,11,0,,,11,131.0,2.89,2026-07-17 18:47:26
武清仓,维修库位,智能内容,789077,9787501271863,摩比汉语分级绘本 第四级,,11,0,,,11,131.0,2.67,2026-07-17 18:47:26
武清仓,维修库位,智能内容,500765,9787510687402,学而思秘籍小学语文阅读与写作 11级（智能教辅）,,10,0,,,10,615.0,4.31,2026-07-17 18:47:26
武清仓,维修库位,智能内容,573825,9787218166209,应用题天天练二年级 上册,,10,0,,,10,613.0,5.73,2026-07-17 18:47:26
武清仓,维修库位,智能内容,649835,9787501267576,迪士尼英语3级,,10,0,,,10,613.2,5.52,2026-07-17 18:47:26
武清仓,维修库位,智能内容,650150,9787830124939,大侦探福尔摩比 第二辑,,10,0,,,10,613.0,1.92,2026-07-17 18:47:26
武清仓,维修库位,智能内容,656773,9787551172301,3分钟漫画速背小学古诗词（全三册）,,10,0,,,10,613.0,1.6,2026-07-17 18:47:26
武清仓,维修库位,智能内容,694340,9787218177915B,小学数学攻略（升级版）,,10,0,,,10,416.0,3.52,2026-07-17 18:47:26
武清仓,维修库位,智能内容,694444,9787557919108,暑假自拼200词小学英语二升三年级 WY,,10,0,,,10,408.2,4.25,2026-07-17 18:47:26
武清仓,维修库位,智能内容,697321,9787550524996,摩比分级数学启蒙绘本. 大班,,10,0,,,10,384.1,1.31,2026-07-17 18:47:26
武清仓,维修库位,智能内容,799094,9787519921651,拼音一日一练,,10,0,,,10,77.0,2.33,2026-07-17 18:47:26
武清仓,维修库位,智能内容,796565,ZNNR260323106,快乐读书吧·三年级上册（全三册）（2026达人版）,,10,0,,,10,61.1,15.25,2026-07-17 18:47:26
武清仓,维修库位,智能内容,796567,ZNNR260323108,快乐读书吧·五年级上册（全四册）（2026达人版）,,10,0,,,10,68.0,15.52,2026-07-17 18:47:26
武清仓,维修库位,智能内容,610463,9787551164672A,摩比启蒙机X200-剑桥英语启蒙三合一,,9,0,,,9,615.0,1.05,2026-07-17 18:47:26
武清仓,维修库位,智能内容,533108,9787510686535,学而思秘籍 初中数学思维提升 3级（智能教辅）,,9,0,,,9,613.0,8.8,2026-07-17 18:47:26
武清仓,维修库位,智能内容,533129,9787510686825,小学数学周周学三年级下册,,9,0,,,9,613.0,13.28,2026-07-17 18:47:26
武清仓,维修库位,智能内容,546718,9787572247330,剑桥英语周周学6级下册,,9,1225,HZ9787572247330,(盒子)剑桥英语周周学6级下册,9,615.0,13.5,2026-07-17 18:47:26
武清仓,维修库位,智能内容,595372,9787572271397,摩比爱数学 萌芽篇,,9,0,,,9,615.0,0.37,2026-07-17 18:47:26
武清仓,维修库位,智能内容,654150,9787548956846,361法看图写话 二年级,,9,0,,,9,613.0,7.79,2026-07-17 18:47:26
武清仓,维修库位,智能内容,654452,9787501267743,学前七大能力课堂 思维启蒙第1课 5~6岁 1~3（2024）,,9,0,,,9,615.0,2.24,2026-07-17 18:47:26
武清仓,维修库位,智能内容,676264,9787537991148,初中语文作文 万能素材,,9,0,,,9,589.89,2.07,2026-07-17 18:47:26
武清仓,维修库位,智能内容,694591,9787557918934,暑假应用新计算 小学数学 三升四年级RJ,,9,0,,,9,408.0,2.26,2026-07-17 18:47:26
武清仓,维修库位,智能内容,694614,9787557919016,暑假六维新阅读小学语文四升五年级,,9,0,,,9,409.22,4.66,2026-07-17 18:47:26
武清仓,维修库位,智能内容,698267,9787548961741,超图解同步作文 四年级上册,,9,0,,,9,374.0,2.74,2026-07-17 18:47:26
武清仓,维修库位,智能内容,724392,9787519919986,大声读古诗美文,,9,0,,,9,283.33,0.53,2026-07-17 18:47:26
武清仓,维修库位,智能内容,725801,9787572237270B,小学英语周周学1级上册（2025简配版）,,9,0,,,9,237.0,9.1,2026-07-17 18:47:26
武清仓,维修库位,智能内容,799095,9787519921620,汉字一日一练,,9,0,,,9,77.0,2.42,2026-07-17 18:47:26
武清仓,维修库位,智能内容,730899,9787519061005,快乐读书吧·一年级下册·读读童谣和儿歌（全4册）（2025线上版）,,9,0,,,9,205.0,0.43,2026-07-17 18:47:26
武清仓,维修库位,智能内容,789075,9787501271665,摩比汉语分级绘本 第二级,,9,0,,,9,131.0,2.26,2026-07-17 18:47:26
武清仓,维修库位,智能内容,791226,9787545927122,2026 过考点 数学 一年级 下册RJ,,9,0,,,9,131.0,8.53,2026-07-17 18:47:26
武清仓,维修库位,智能内容,532290,9787510657542D01A,ABCtime美国小学同步阅读第六级（2022）,,8,0,,,8,615.0,23.23,2026-07-17 18:47:26
武清仓,维修库位,智能内容,532334,9787510660023D01A,ABCtime美国小学同步阅读第二级（2022）,,8,0,,,8,615.0,4.53,2026-07-17 18:47:26
武清仓,维修库位,智能内容,533115,9787510686597,学而思秘籍 高中数学思维突破 3级（智能教辅）,,8,0,,,8,613.0,6.1,2026-07-17 18:47:26
武清仓,维修库位,智能内容,582609,9787830124328,Hello English Readers英语分级阅读2级下（2023）,,8,0,,,8,615.0,1.93,2026-07-17 18:47:26
武清仓,维修库位,智能内容,654451,9787501267736,学前七大能力课堂 思维启蒙第1课 4~5岁 4~6（2024）,,8,0,,,8,602.12,1.67,2026-07-17 18:47:26
武清仓,维修库位,智能内容,663159,9787501268184,摩比爱古诗（2024）,,8,0,,,8,602.88,1.25,2026-07-17 18:47:26
武清仓,维修库位,智能内容,667746,9787507557657,小学同步作文 3图搞定看图写话 二年级上册,,8,0,,,8,613.0,6.21,2026-07-17 18:47:26
武清仓,维修库位,智能内容,674198,9787540893675,小学数学周周学六年级下册(2024),,8,0,,,8,573.0,9.0,2026-07-17 18:47:26
武清仓,维修库位,智能内容,680290,9787550523593,单元归类复习. 小学数学六年级 下册,,8,0,,,8,523.0,3.51,2026-07-17 18:47:26
武清仓,维修库位,智能内容,683053,9787545924619,三年级零基础英语——90天快速入门,,8,0,,,8,493.0,0.21,2026-07-17 18:47:26
武清仓,维修库位,智能内容,691507,9787519058517,快乐读书吧·一年级上册·和大人一起读（全4册）（线上版）,,8,0,,,8,434.88,1.21,2026-07-17 18:47:26
武清仓,维修库位,智能内容,691513,9787519058821,快乐读书吧·四年级上册·世界经典神话,,8,0,,,8,77.0,9.0,2026-07-17 18:47:26
武清仓,维修库位,智能内容,693715,9787548956822E,新标准.暑假预复习.三升四年级（2025版）,,8,0,,,8,423.0,0.53,2026-07-17 18:47:26
武清仓,维修库位,智能内容,699480,9787540893842,小学数学周周学四年级上册(2024),,8,0,,,8,332.62,60.0,2026-07-17 18:47:26
武清仓,维修库位,智能内容,701213,9787557919924,计算天天练三年级上册（2025）,,8,0,,,8,349.0,1.43,2026-07-17 18:47:26
武清仓,维修库位,智能内容,679785,9787557917388,计算天天练二年级下册（2026修订）,,8,0,,,8,484.5,0.86,2026-07-17 18:47:26
武清仓,维修库位,智能内容,730084,9787551164160B,计算真有趣-20以内数的计算（2025）,,8,0,,,8,205.0,0.69,2026-07-17 18:47:26
武清仓,维修库位,智能内容,796568,ZNNR260323109,快乐读书吧·六年级上册（全三册）（2026达人版）,,8,0,,,8,68.0,13.09,2026-07-17 18:47:26
武清仓,维修库位,智能内容,798656,9787519058838BB,快乐读书吧·四年级上册·中国古代神话传说（2026线下班班版）,,8,0,,,8,45.0,0.56,2026-07-17 18:47:26
武清仓,维修库位,智能内容,799185,9787554881736,一年级语文预习有重点上册,,8,0,,,8,77.0,0.73,2026-07-17 18:47:26
武清仓,维修库位,智能内容,649435,9787548956648,摩比启蒙机X200-摩比唱玩认知大百科（书号版）,,7,0,,,7,545.0,0.2,2026-07-17 18:47:26
武清仓,维修库位,智能内容,504679,9787510685040,思维创新大通关数学五年级（智能教辅）,,7,0,,,7,615.0,10.5,2026-07-17 18:47:26
武清仓,维修库位,智能内容,504681,9787510685026,思维创新大通关数学三年级（智能教辅）,,7,0,,,7,615.0,5.48,2026-07-17 18:47:26
武清仓,维修库位,智能内容,532169,9787510647406A,学而思秘籍·小学数学思维培养练习·9级（2022）,,7,0,,,7,525.71,5.48,2026-07-17 18:47:26
武清仓,维修库位,智能内容,532329,9787510660016D01A,ABCtime美国小学同步阅读第三级（2022）,,7,0,,,7,615.0,6.43,2026-07-17 18:47:26
武清仓,维修库位,智能内容,533131,9787510686832,小学数学周周学四年级下册,,7,0,,,7,580.0,9.26,2026-07-17 18:47:26
武清仓,维修库位,智能内容,533196,9787510689819,学而思周周学小学语文三年级下册,,7,0,,,7,545.14,2.16,2026-07-17 18:47:26
武清仓,维修库位,智能内容,548929,9787510690228,摩比爱国学（全4册）,,7,0,,,7,613.0,5.38,2026-07-17 18:47:26
武清仓,维修库位,智能内容,569849,9787830124175,大语文分级诵读 二级,,7,0,,,7,584.43,1.02,2026-07-17 18:47:26
武清仓,维修库位,智能内容,664819,9787550522312,单元归类复习. 小学语文二年级 上册,,7,0,,,7,613.0,3.23,2026-07-17 18:47:26
武清仓,维修库位,智能内容,671052,ZNNR20240911102,学而思大语文分级阅读·第三学段第三季 5-6年级（全六册）（2024）,,7,0,,,7,310.0,7.88,2026-07-17 18:47:26
武清仓,维修库位,智能内容,677319,9787519057220,快乐读书吧·一年级下册-读读童谣和儿歌（全4册）,,7,0,,,7,585.57,0.49,2026-07-17 18:47:26
武清仓,维修库位,智能内容,679155,9787519918002,七大能力游戏安静书,,7,0,,,7,542.14,0.34,2026-07-17 18:47:26
武清仓,维修库位,智能内容,680304,9787537993289,小学同步作文 3图搞定看图写话 二年级下册,,7,0,,,7,551.0,1.47,2026-07-17 18:47:26
武清仓,维修库位,智能内容,697035,ZNNR250529101,快乐读书吧·三年级上册（全三册）（王芳版）,,7,0,,,7,402.57,3.64,2026-07-17 18:47:26
武清仓,维修库位,智能内容,697041,ZNNR250529104,快乐读书吧·六年级上册（全三册）（王芳版）,,7,0,,,7,400.14,3.42,2026-07-17 18:47:26
武清仓,维修库位,智能内容,698269,9787548961796,超图解同步作文 六年级上册,,7,0,,,7,374.0,3.64,2026-07-17 18:47:26
武清仓,维修库位,智能内容,701211,9787557919788,计算天天练一年级上册（2025）,,7,0,,,7,349.0,0.72,2026-07-17 18:47:26
武清仓,维修库位,智能内容,725805,9787572247293B,剑桥英语周周学1级下册（2025简配版）,,7,0,,,7,241.0,6.12,2026-07-17 18:47:26
武清仓,维修库位,智能内容,799093,9787519921644,数学一日一练,,7,0,,,7,77.0,3.41,2026-07-17 18:47:26
武清仓,维修库位,智能内容,730918,ZNNR251205101,快乐读书吧·二年级下册（全三册）（2025线上版）,,7,0,,,7,205.0,0.31,2026-07-17 18:47:26
武清仓,维修库位,智能内容,798657,9787519058791BB,快乐读书吧·四年级上册·山海经（2026线下班班版）,,7,0,,,7,45.0,0.49,2026-07-17 18:47:26
武清仓,维修库位,智能内容,801701,9787550527713,新初一预习有重点 数学SK 语文 英语YL,,7,0,,,7,59.0,11.05,2026-07-17 18:47:26
武清仓,维修库位,Learn and Play,682788,ZNNR250113101,NEXT-英语天天练SVIP 1000词+3000词+1000句礼盒（书号版）,,6,0,,,6,415.0,24.55,2026-07-17 18:47:26
武清仓,维修库位,智能内容,610334,9787547748039,摩比启蒙机X200-Little A-Z 英语0级 表达篇,,6,0,,,6,615.0,0.9,2026-07-17 18:47:26
武清仓,维修库位,智能内容,504680,9787510685033,思维创新大通关数学四年级（智能教辅）,,6,0,,,6,615.0,30.0,2026-07-17 18:47:26
武清仓,维修库位,智能内容,531649,9787230043229,学而思秘籍. 高中物理思维突破 4级,,6,0,,,6,525.17,3.6,2026-07-17 18:47:26
武清仓,维修库位,智能内容,533110,9787510686542,学而思秘籍 初中数学思维提升 4级（智能教辅）,,6,0,,,6,613.0,21.6,2026-07-17 18:47:26
武清仓,维修库位,智能内容,533167,9787510688065,初中数学周周学七年级上册BS,,6,0,,,6,291.83,4.22,2026-07-17 18:47:26
武清仓,维修库位,智能内容,537659,9787572247293,剑桥英语周周学1级下册,,6,1228,HZ9787572247293,(盒子)剑桥英语周周学1级下册,6,613.17,2.45,2026-07-17 18:47:26
武清仓,维修库位,智能内容,577525,9787510688898,学而思思维创新大通关. 数学四年级(2023),,6,0,,,6,532.83,2.07,2026-07-17 18:47:26
武清仓,维修库位,智能内容,582616,9787830124397,Hello English Readers英语分级阅读6级上（2023）,,6,0,,,6,615.0,3.88,2026-07-17 18:47:26
武清仓,维修库位,智能内容,582618,9787830124403,Hello English Readers英语分级阅读6级下（2023）,,6,0,,,6,615.0,4.82,2026-07-17 18:47:26
武清仓,维修库位,智能内容,587687,9787548954255,摩比爱传统文化. 第一辑,,6,0,,,6,613.0,2.56,2026-07-17 18:47:26
武清仓,维修库位,智能内容,608651,9787510686184B,学而思秘籍小学数学思维培养6级（智能教辅2024）,,6,0,,,6,613.0,19.29,2026-07-17 18:47:26
武清仓,维修库位,智能内容,661582,9787550521704,小学数学计算专项突破六年级(2024新),,6,0,,,6,613.0,1.26,2026-07-17 18:47:26
武清仓,维修库位,智能内容,671217,9787507560022,基本功看图写话一年级上册（2024）,,6,0,,,6,478.67,1.71,2026-07-17 18:47:26
武清仓,维修库位,智能内容,672427,9787519917142,孩子，你要这样保护自己,,6,0,,,6,615.0,2.7,2026-07-17 18:47:26
武清仓,维修库位,智能内容,679788,9787557917449,计算天天练五年级下册（2024）,,6,0,,,6,481.0,0.53,2026-07-17 18:47:26
武清仓,维修库位,智能内容,691200,9787550524361,暑假衔接领跑课 新初一 英语,,6,0,,,6,380.67,1.47,2026-07-17 18:47:26
武清仓,维修库位,智能内容,691511,9787519058807,快乐读书吧·三年级上册·稻草人,,6,0,,,6,77.0,7.5,2026-07-17 18:47:26
武清仓,维修库位,智能内容,694590,9787557918927,暑假应用新计算 小学数学 二升三年级RJ,,6,0,,,6,411.17,2.16,2026-07-17 18:47:26
武清仓,维修库位,智能内容,694596,9787557919054,暑假应用新计算 小学数学 三升四年级BS,,6,0,,,6,408.0,2.27,2026-07-17 18:47:26
武清仓,维修库位,智能内容,696243,9787572327056,学而思初中必读名著朝花夕拾精批精讲版,,6,0,,,6,397.67,1.37,2026-07-17 18:47:26
武清仓,维修库位,智能内容,700723,9787574807600,英语启蒙自然拼读篇,,6,0,,,6,349.0,0.59,2026-07-17 18:47:26
武清仓,维修库位,智能内容,701215,9787557919764,计算天天练五年级上册（2025）,,6,0,,,6,349.0,1.34,2026-07-17 18:47:26
武清仓,维修库位,智能内容,799092,9787519921637,计算一日一练,,6,0,,,6,77.0,2.98,2026-07-17 18:47:26
武清仓,维修库位,智能内容,798654,9787519058821BB,快乐读书吧·四年级上册·世界经典神话与传说（2026线下班班版）,,6,0,,,6,45.0,0.42,2026-07-17 18:47:26
武清仓,维修库位,智能内容,804980,9787519058500DRBXB,快乐读书吧·二年级上册·读读童话故事（全四册）（2026达人版升级）,,6,0,,,6,45.0,15.88,2026-07-17 18:47:26
武清仓,维修库位,智能内容,610464,9787551164764A,摩比启蒙机X200-摩比拼音速拼,,5,0,,,5,615.0,0.37,2026-07-17 18:47:26
武清仓,维修库位,智能内容,649460,9787548956693,摩比启蒙机X200-小猪佩奇爱表达（书号版）,,5,0,,,5,615.0,0.23,2026-07-17 18:47:26
武清仓,维修库位,智能内容,652720,6975619721063,摩比启蒙机X200-剑桥英语三合一Level 1,,5,0,,,5,615.0,0.49,2026-07-17 18:47:26
武清仓,维修库位,智能内容,500788,9787510686160,学而思秘籍小学数学思维培养4级（智能教辅）,,5,40,HZ9787510686160,(盒子)学而思秘籍小学数学思维培养4级（智能教辅2024）,5,615.0,0.93,2026-07-17 18:47:26
武清仓,维修库位,智能内容,531650,9787230043236,学而思秘籍. 高中物理思维突破 3级,,5,0,,,5,613.0,10.23,2026-07-17 18:47:26
武清仓,维修库位,智能内容,533134,9787510686948,初中数学周周学七年级下册RJ,,5,0,,,5,458.0,34.62,2026-07-17 18:47:26
武清仓,维修库位,智能内容,533195,9787510689802,学而思周周学小学语文二年级下册,,5,0,,,5,615.0,1.45,2026-07-17 18:47:26
武清仓,维修库位,智能内容,546717,9787572247323,剑桥英语周周学5级下册,,5,1639,HZ9787572247323,(盒子)剑桥英语周周学5级下册,5,615.0,6.62,2026-07-17 18:47:26
武清仓,维修库位,智能内容,551557,9787510691645,学而思秘籍初中英语语言积累与读写提升2级,,5,0,,,5,613.0,1.98,2026-07-17 18:47:26
武清仓,维修库位,智能内容,610541,9787548952329A,幼小衔接倒计时99天（2024）-定制版,,5,0,,,5,613.2,2.88,2026-07-17 18:47:26
武清仓,维修库位,智能内容,654167,9787548956822,新标准. 暑假预复习 三升四年级（定制版）,,5,0,,,5,613.0,4.46,2026-07-17 18:47:26
武清仓,维修库位,智能内容,656776,9787830125059,《课本里的大百科.2级.上》,,5,0,,,5,613.0,0.71,2026-07-17 18:47:26
武清仓,维修库位,智能内容,661584,9787550521834,小学数学应用题专项突破三年级(2024新),,5,0,,,5,603.8,3.26,2026-07-17 18:47:26
武清仓,维修库位,智能内容,667747,9787507560114,小学同步作文 3图搞定300字 三年级上册,,5,0,,,5,605.0,4.84,2026-07-17 18:47:26
武清仓,维修库位,智能内容,672864,9787551831840,文学常识不丢分,,5,0,,,5,564.0,0.43,2026-07-17 18:47:26
武清仓,维修库位,智能内容,674197,9787540893668,小学数学周周学五年级下册(2024),,5,0,,,5,573.0,3.66,2026-07-17 18:47:26
武清仓,维修库位,智能内容,679784,9787557917371,计算天天练一年级下册（2024）,,5,0,,,5,487.0,0.42,2026-07-17 18:47:26
武清仓,维修库位,智能内容,680305,9787537993302,小学同步作文 3图搞定300字 三年级下册,,5,0,,,5,551.0,1.2,2026-07-17 18:47:26
武清仓,维修库位,智能内容,692432,9787550524194,课堂笔记 语文三年级上册,,5,0,,,5,431.6,1.05,2026-07-17 18:47:26
武清仓,维修库位,智能内容,692434,9787550524163,课堂笔记 语文五年级上册,,5,0,,,5,430.2,1.0,2026-07-17 18:47:26
武清仓,维修库位,智能内容,692439,9787550524095,课堂笔记 数学四年级上册,,5,0,,,5,429.2,2.38,2026-07-17 18:47:26
武清仓,维修库位,智能内容,692442,9787550524231,课堂笔记 英语三年级上册（人教版）,,5,0,,,5,429.2,2.5,2026-07-17 18:47:26
武清仓,维修库位,智能内容,692443,9787550524217,课堂笔记 英语四年级上册（人教版）,,5,0,,,5,427.6,3.75,2026-07-17 18:47:26
武清仓,维修库位,智能内容,696244,9787572327049,学而思初中必读名著西游记精批精讲版,,5,0,,,5,398.0,0.39,2026-07-17 18:47:26
武清仓,维修库位,智能内容,698265,9787548961697,超图解同步作文 二年级上册,,5,0,,,5,374.0,1.65,2026-07-17 18:47:26
武清仓,维修库位,智能内容,698805,9787572271373A,摩比爱数学 探索篇（一书一码版）,,5,0,,,5,275.0,2.32,2026-07-17 18:47:26
武清仓,维修库位,智能内容,699477,9787540893811,小学数学周周学一年级上册(2024),,5,0,,,5,343.0,17.31,2026-07-17 18:47:26
武清仓,维修库位,智能内容,703612,9787521779288,集合，神秘成员！（蛋君伴学漫画：天才解谜团）,,5,0,,,5,319.6,4.05,2026-07-17 18:47:26
武清仓,维修库位,智能内容,703614,9787521779301,对决，未解之谜！（蛋君伴学漫画：天才解谜团）,,5,0,,,5,319.6,5.17,2026-07-17 18:47:26
武清仓,维修库位,智能内容,726992,9787501270712,初中名著 昆虫记,,5,0,,,5,205.0,0.8,2026-07-17 18:47:26
武清仓,维修库位,智能内容,791228,9787545927146,2026 过考点 数学 三年级 下册RJ,,5,0,,,5,131.0,4.89,2026-07-17 18:47:26
武清仓,维修库位,智能内容,791234,9787545927160,2026 过考点 语文 一年级 下册,,5,0,,,5,131.0,5.11,2026-07-17 18:47:26
武清仓,维修库位,智能内容,791237,9787545927191,2026 过考点 语文 四年级 下册,,5,0,,,5,131.0,10.98,2026-07-17 18:47:26
武清仓,维修库位,智能内容,798658,9787519058814BB,快乐读书吧·五年级上册·非洲民间故事（2026线下班班版）,,5,0,,,5,45.0,0.36,2026-07-17 18:47:26
武清仓,维修库位,智能内容,798659,9787519058593BB,快乐读书吧·五年级上册·列那狐故事（2026线下班班版）,,5,0,,,5,45.0,0.36,2026-07-17 18:47:26
武清仓,维修库位,智能内容,798660,9787519058609BB,快乐读书吧·五年级上册·欧洲民间故事（2026线下班班版）,,5,0,,,5,45.0,0.36,2026-07-17 18:47:26
武清仓,维修库位,智能内容,799186,9787554881729,一年级数学预习有重点上册,,5,0,,,5,77.0,0.44,2026-07-17 18:47:26
武清仓,维修库位,智能内容,801700,9787550527706,新初一预习有重点 数学BS 语文 英语,,5,0,,,5,59.0,9.57,2026-07-17 18:47:26
武清仓,维修库位,智能内容,693015,9787547746530B,摩比启蒙机X200-摩比数学思维学习包·飞跃篇（升级版）,,4,0,,,4,424.75,0.75,2026-07-17 18:47:26
武清仓,维修库位,智能内容,533133,9787510686856,小学数学周周学六年级下册,,4,0,,,4,615.0,4.62,2026-07-17 18:47:26
武清仓,维修库位,智能内容,533754,9787513823630,Hello English Readers分级阅读5级（下）,,4,205,HZ9787513823630,(盒子)Hello English Readers分级阅读5级（下）,4,615.0,16.36,2026-07-17 18:47:26
武清仓,维修库位,智能内容,569853,9787830124212,大语文分级诵读 六级,,4,0,,,4,597.75,1.03,2026-07-17 18:47:26
武清仓,维修库位,智能内容,572875,ZNNR20230607101,哈佛外教英语启蒙 第一级,,4,950,HZZNNR20230607101,（盒子）哈佛外教英语启蒙 第一级,4,615.0,4.09,2026-07-17 18:47:26
武清仓,维修库位,智能内容,572877,ZNNR20230607103,哈佛外教英语启蒙 第三级,,4,1041,HZZNNR20230607103,（盒子）哈佛外教英语启蒙 第三级,4,615.0,9.23,2026-07-17 18:47:26
武清仓,维修库位,智能内容,582613,9787830124366,Hello English Readers英语分级阅读4级下（2023）,,4,0,,,4,615.0,2.93,2026-07-17 18:47:26
武清仓,维修库位,智能内容,582614,9787830124373,Hello English Readers英语分级阅读5级上（2023）,,4,0,,,4,615.0,2.43,2026-07-17 18:47:26
武清仓,维修库位,智能内容,583465,9787510686153B,学而思秘籍小学数学思维培养3级（智能教辅2023）,,4,0,,,4,615.0,9.23,2026-07-17 18:47:26
武清仓,维修库位,智能内容,602205,9787830124649,写字必备课,,4,0,,,4,613.0,1.18,2026-07-17 18:47:26
武清仓,维修库位,智能内容,610692,9787830124410A,识字真有趣（升级版）,,4,0,,,4,613.0,0.34,2026-07-17 18:47:26
武清仓,维修库位,智能内容,651109,9787547746592,漫画课本里的历史名人（共5册）,,4,0,,,4,613.0,0.29,2026-07-17 18:47:26
武清仓,维修库位,智能内容,654361,9787547749586,线描临摹真有趣,,4,0,,,4,592.5,0.18,2026-07-17 18:47:26
武清仓,维修库位,智能内容,655028,9787501267774,幼小衔接 一年级我来啦（2024）,,4,0,,,4,613.0,0.71,2026-07-17 18:47:26
武清仓,维修库位,智能内容,655255,9787218176123,零基础应用题,,4,0,,,4,522.25,2.16,2026-07-17 18:47:26
武清仓,维修库位,智能内容,656766,9787218176185,思维创新大通关数学六年级（智能教辅2024）,,4,0,,,4,115.0,8.0,2026-07-17 18:47:26
武清仓,维修库位,智能内容,661575,9787550522008,小学生剑桥KET考试冲刺营,,4,803,HZ9787550522008,(盒子)小学生剑桥KET考试冲刺营,4,613.0,0.38,2026-07-17 18:47:26
武清仓,维修库位,智能内容,661577,9787550521780,小学数学计算专项突破一年级(2024新),,4,0,,,4,615.0,0.14,2026-07-17 18:47:26
武清仓,维修库位,智能内容,661585,9787550521773,小学数学应用题专项突破五年级(2024新),,4,0,,,4,567.0,3.53,2026-07-17 18:47:26
武清仓,维修库位,智能内容,664907,6973473324697,新教材学霸速记卡——四年级同步,,4,0,,,4,564.5,6.43,2026-07-17 18:47:26
武清仓,维修库位,智能内容,667657,ZNNR20240819102,学而思大语文分级阅读·第二学段第一季 3-4年级（全九册）（2024）,,4,0,,,4,346.0,1.78,2026-07-17 18:47:26
武清仓,维修库位,智能内容,671513,9787830125516,消失吧！错别字,,4,0,,,4,602.0,0.89,2026-07-17 18:47:26
武清仓,维修库位,智能内容,675143,9787557916527,小学语文周周学一年级上册（2024）,,4,0,,,4,422.75,6.0,2026-07-17 18:47:26
武清仓,维修库位,智能内容,675144,9787557916534,小学语文周周学二年级上册（2024）,,4,0,,,4,280.75,12.41,2026-07-17 18:47:26
武清仓,维修库位,智能内容,675145,9787557916541,小学语文周周学三年级上册（2024）,,4,0,,,4,318.0,12.86,2026-07-17 18:47:26
武清仓,维修库位,智能内容,678547,9787501624492,课堂笔记 数学四年级下册,,4,0,,,4,556.25,2.54,2026-07-17 18:47:26
武清仓,维修库位,智能内容,678551,9787501624577,课堂笔记 英语四年级下册,,4,0,,,4,558.5,1.04,2026-07-17 18:47:26
武清仓,维修库位,智能内容,679674,9787218172576A,应用题天天练一年级下册（新教材）,,4,0,,,4,482.0,1.99,2026-07-17 18:47:26
武清仓,维修库位,智能内容,688813,9787545925197,小学语文必考知识全梳理,,4,0,,,4,347.75,0.53,2026-07-17 18:47:26
武清仓,维修库位,智能内容,689644,9787545925043,图解秒记 初中道德与法治,,4,0,,,4,444.0,2.25,2026-07-17 18:47:26
武清仓,维修库位,智能内容,691198,9787550524354,暑假衔接领跑课 新初一 数学,,4,0,,,4,384.0,1.15,2026-07-17 18:47:26
武清仓,维修库位,智能内容,691518,9787519058609,快乐读书吧·五年级上册·欧洲民间故事,,4,0,,,4,108.0,6.55,2026-07-17 18:47:26
武清仓,维修库位,智能内容,691520,9787519058555,快乐读书吧·六年级上册·爱的教育,,4,0,,,4,77.0,10.0,2026-07-17 18:47:26
武清仓,维修库位,智能内容,691522,9787519058562,快乐读书吧·六年级上册·童年,,4,0,,,4,77.0,8.78,2026-07-17 18:47:26
武清仓,维修库位,智能内容,692437,9787550524118,课堂笔记 数学二年级上册,,4,0,,,4,424.0,3.4,2026-07-17 18:47:26
武清仓,维修库位,智能内容,693714,9787548955832E,新标准.暑假预复习.二升三年级（2025版）,,4,0,,,4,423.0,0.33,2026-07-17 18:47:26
武清仓,维修库位,智能内容,694589,9787557918910,暑假应用新计算 小学数学 一升二年级RJ,,4,0,,,4,416.75,1.1,2026-07-17 18:47:26
武清仓,维修库位,智能内容,694595,9787557919047,暑假应用新计算 小学数学 二升三年级BS,,4,0,,,4,408.0,1.19,2026-07-17 18:47:26
武清仓,维修库位,智能内容,698268,9787548961789,超图解同步作文 五年级上册,,4,0,,,4,374.0,1.13,2026-07-17 18:47:26
武清仓,维修库位,智能内容,703588,9787507559835,小学语文阅读与写作1级（智能教辅2025）,,4,0,,,4,237.0,8.78,2026-07-17 18:47:26
武清仓,维修库位,智能内容,703613,9787521779295,危险，谜案来袭！（蛋君伴学漫画：天才解谜团）,,4,0,,,4,320.0,3.91,2026-07-17 18:47:26
武清仓,维修库位,智能内容,703615,9787521779318,奇遇，进入怪村！（蛋君伴学漫画：天才解谜团）,,4,0,,,4,320.0,4.34,2026-07-17 18:47:26
武清仓,维修库位,智能内容,786667,9787554878255,三年级数学 培优 下册RJ,,4,0,,,4,171.0,0.67,2026-07-17 18:47:26
武清仓,维修库位,智能内容,786668,9787554878248,二年级数学 培优 下册RJ,,4,0,,,4,171.0,0.42,2026-07-17 18:47:26
武清仓,维修库位,智能内容,798655,9787519058777BB,快乐读书吧·四年级上册·希腊神话与英雄传说（2026线下班班版）,,4,0,,,4,45.0,0.28,2026-07-17 18:47:26
武清仓,维修库位,智能内容,662900,6938608004974,卡拉羊书包CX2635藏青,,4,0,,,4,130.75,2.65,2026-07-17 18:47:26
武清仓,维修库位,智能内容,580151,9787551168892,摩比思维机中华古诗词学习包,,3,0,,,3,615.0,4.03,2026-07-17 18:47:26
武清仓,维修库位,智能内容,610331,9787558919145,摩比启蒙机X200-十万个为什么科普包,,3,0,,,3,615.0,0.29,2026-07-17 18:47:26
武清仓,维修库位,智能内容,652721,6975619721070,摩比启蒙机X200-剑桥英语三合一Level 2,,3,0,,,3,615.0,0.36,2026-07-17 18:47:26
武清仓,维修库位,智能内容,493970,9783942056588,Reading A-Z Stage 1,,3,0,,,3,573.0,30.0,2026-07-17 18:47:26
武清仓,维修库位,智能内容,532187,9787510647499A,学而思秘籍·小学数学思维培养教程·10级（2022）,,3,0,,,3,578.0,0.86,2026-07-17 18:47:26
武清仓,维修库位,智能内容,533152,9787510687242,学而思秘籍初中语文阅读与写作 1级（智能教辅）,,3,0,,,3,613.0,30.0,2026-07-17 18:47:26
武清仓,维修库位,智能内容,533155,9787510687273,学而思秘籍初中语文阅读与写作 4级（智能教辅）,,3,0,,,3,571.67,3.51,2026-07-17 18:47:26
武清仓,维修库位,智能内容,533174,9787510688140,初中英语周周学八年级上册WY,,3,0,,,3,454.33,4.43,2026-07-17 18:47:26
武清仓,维修库位,智能内容,533221,9787510690778,学而思秘籍. 高中生物思维突破 2级,,3,0,,,3,613.0,3.65,2026-07-17 18:47:26
武清仓,维修库位,智能内容,533751,9787513823609,Hello English Readers分级阅读2级（下）,,3,101,HZ9787513823609,(盒子)Hello English Readers分级阅读2级（下）,3,615.0,2.11,2026-07-17 18:47:26
武清仓,维修库位,智能内容,537560,9787571612849,KET新版词汇通关宝,,3,0,,,3,613.0,1.68,2026-07-17 18:47:26
武清仓,维修库位,智能内容,537657,9787572247200,中考真题举一反三 化学题型总结,,3,0,,,3,613.0,45.0,2026-07-17 18:47:26
武清仓,维修库位,智能内容,551257,9787532968497,幼小衔接天天练,,3,0,,,3,613.0,0.28,2026-07-17 18:47:26
武清仓,维修库位,智能内容,564979,ZNNR202304130004,学而思秘籍·小学数学应用题专项突破+练习（四年级）（2023）,,3,0,,,3,598.67,0.65,2026-07-17 18:47:26
武清仓,维修库位,智能内容,599544,9787218172583,应用题天天练二年级 下册,,3,0,,,3,601.33,1.04,2026-07-17 18:47:26
武清仓,维修库位,智能内容,655022,9787548956990,漫画图解小学生必会巧算 整数计算及分数小数初识18招,,3,0,,,3,595.67,1.69,2026-07-17 18:47:26
武清仓,维修库位,智能内容,661583,9787550521766,小学数学应用题专项突破二年级(2024新),,3,0,,,3,607.33,1.46,2026-07-17 18:47:26
武清仓,维修库位,智能内容,663161,9787501268160,摩比爱语文 飞跃篇（2024）,,3,0,,,3,367.0,1.84,2026-07-17 18:47:26
武清仓,维修库位,智能内容,664821,9787550522282,单元归类复习. 小学语文四年级 上册,,3,0,,,3,590.0,5.4,2026-07-17 18:47:26
武清仓,维修库位,智能内容,673041,9787507560336,初中语文作文技法攻略,,3,0,,,3,602.33,1.73,2026-07-17 18:47:26
武清仓,维修库位,智能内容,679787,9787557917401,计算天天练四年级下册（2024）,,3,0,,,3,483.0,0.31,2026-07-17 18:47:26
武清仓,维修库位,智能内容,680289,9787550523586,单元归类复习. 小学数学五年级 下册,,3,0,,,3,523.0,1.59,2026-07-17 18:47:26
武清仓,维修库位,智能内容,680306,9787537993319,小学同步作文 3图搞定400字 四年级下册,,3,0,,,3,551.0,2.67,2026-07-17 18:47:26
武清仓,维修库位,智能内容,683076,9787545924749,单元检测卷  语文  六年级下,,3,0,,,3,372.33,0.82,2026-07-17 18:47:26
武清仓,维修库位,智能内容,688814,9787545925180,小学数学必考知识全梳理,,3,0,,,3,384.0,0.27,2026-07-17 18:47:26
武清仓,维修库位,智能内容,692444,9787550524200,课堂笔记 英语五年级上册（人教版）,,3,0,,,3,427.33,2.57,2026-07-17 18:47:26
武清仓,维修库位,智能内容,692446,9787550524255,课堂笔记 英语三年级上册（外研版）,,3,0,,,3,423.67,1.36,2026-07-17 18:47:26
武清仓,维修库位,智能内容,693713,9787548955924E,新标准.暑假预复习.一升二年级（2025版）,,3,0,,,3,423.0,0.06,2026-07-17 18:47:26
武清仓,维修库位,智能内容,693717,9787548957010E,新标准.暑假预复习.五升六年级（2025版）,,3,0,,,3,404.33,0.24,2026-07-17 18:47:26
武清仓,维修库位,智能内容,694442,9787557919085,暑假自拼200词小学英语 一升二年级,,3,0,,,3,411.67,1.41,2026-07-17 18:47:26
武清仓,维修库位,智能内容,694592,9787557918941,暑假应用新计算 小学数学 四升五年级RJ,,3,0,,,3,408.0,0.87,2026-07-17 18:47:26
武清仓,维修库位,智能内容,694597,9787557919061,暑假应用新计算 小学数学 四升五年级BS,,3,0,,,3,413.0,1.05,2026-07-17 18:47:26
武清仓,维修库位,智能内容,694598,9787557919078,暑假应用新计算 小学数学 五升六年级BS,,3,0,,,3,408.0,2.41,2026-07-17 18:47:26
武清仓,维修库位,智能内容,701214,9787557919771,计算天天练四年级上册（2025）,,3,0,,,3,349.0,0.41,2026-07-17 18:47:26
武清仓,维修库位,智能内容,701216,9787557919795,计算天天练六年级上册（2025）,,3,0,,,3,349.0,0.7,2026-07-17 18:47:26
武清仓,维修库位,智能内容,703634,9787545926125,基本功天天练 小学数学 三年级上册 BS(2025),,3,0,,,3,318.0,4.58,2026-07-17 18:47:26
武清仓,维修库位,智能内容,724393,9787519919948,大声读必认字,,3,0,,,3,287.0,0.16,2026-07-17 18:47:26
武清仓,维修库位,智能内容,726998,9787545923902A,寒假预复习 二年级（2026版）,,3,0,,,3,237.0,0.1,2026-07-17 18:47:26
武清仓,维修库位,智能内容,800114,9787519919948A,大声读必认字（老版封面升级）,,3,0,,,3,77.0,0.77,2026-07-17 18:47:26
武清仓,维修库位,智能内容,679786,9787557917395,计算天天练三年级下册（2026修订）,,3,0,,,3,481.67,0.62,2026-07-17 18:47:26
武清仓,维修库位,智能内容,730913,9787519061074,快乐读书吧·五年级下册·水浒传 青少版（2025线上版）,,3,0,,,3,198.0,3.55,2026-07-17 18:47:26
武清仓,维修库位,智能内容,730942,ZNNR251205106,快乐读书吧·二年级下册（全三册）（2025达人版）,,3,0,,,3,207.33,8.71,2026-07-17 18:47:26
武清仓,维修库位,智能内容,786669,9787554878231,一年级数学 培优 下册RJ,,3,0,,,3,171.0,0.44,2026-07-17 18:47:26
武清仓,维修库位,智能内容,791227,9787545927139,2026过考点 数学 二年级 下册RJ,,3,0,,,3,131.0,2.45,2026-07-17 18:47:26
武清仓,维修库位,智能内容,791236,9787545927184,2026 过考点 语文 三年级 下册,,3,0,,,3,131.0,2.9,2026-07-17 18:47:26
武清仓,维修库位,智能内容,798661,9787519058784BB,快乐读书吧·五年级上册·中国民间故事（2026线下班班版）,,3,0,,,3,45.0,0.21,2026-07-17 18:47:26
武清仓,维修库位,智能内容,798663,9787519058562BB,快乐读书吧·六年级上册·童年（2026线下班班版）,,3,0,,,3,45.0,0.22,2026-07-17 18:47:26
武清仓,维修库位,智能内容,649437,9787548956709,摩比启蒙机x200-小猪佩奇好性格（书号版）,,2,0,,,2,615.0,0.12,2026-07-17 18:47:26
武清仓,维修库位,智能内容,649438,9787548956716,摩比启蒙机X200-小猪佩奇好习惯（书号版）,,2,0,,,2,615.0,0.05,2026-07-17 18:47:26
武清仓,维修库位,智能内容,649441,9787548956686,摩比启蒙机X200-迪士尼动手玩计算（书号版）,,2,0,,,2,615.0,0.22,2026-07-17 18:47:26
武清仓,维修库位,智能内容,652722,6975619721087,摩比启蒙机X200-剑桥英语三合一Level 3,,2,0,,,2,596.0,0.87,2026-07-17 18:47:26
武清仓,维修库位,智能内容,676537,9787547746547B,摩比启蒙机X200-摩比数学思维学习包·种子篇（实验版）,,2,0,,,2,599.0,0.34,2026-07-17 18:47:26
武清仓,维修库位,智能内容,497793,9787121385193,拼音变变变,,2,0,,,2,607.0,6.0,2026-07-17 18:47:26
武清仓,维修库位,智能内容,500786,9787510686184,学而思秘籍小学数学思维培养6级（智能教辅）,,2,50,HZ9787510686184,(盒子)学而思秘籍小学数学思维培养6级（智能教辅2024）,2,615.0,0.3,2026-07-17 18:47:26
武清仓,维修库位,智能内容,504576,2022092105,学而思秘籍小学数学计算专项突破教程+练习（五年级）（2022升级版）,,2,0,,,2,580.0,0.87,2026-07-17 18:47:26
武清仓,维修库位,智能内容,504577,2022092104,学而思秘籍小学数学计算专项突破教程+练习（四年级）（2022升级版）,,2,0,,,2,613.5,0.81,2026-07-17 18:47:26
武清仓,维修库位,智能内容,504580,2022092101,学而思秘籍小学数学计算专项突破教程+练习（一年级）（2022升级版）,,2,0,,,2,613.0,1.08,2026-07-17 18:47:26
武清仓,维修库位,智能内容,504683,9787510685002,思维创新大通关数学一年级（智能教辅）,,2,0,,,2,615.0,2.02,2026-07-17 18:47:26
武清仓,维修库位,智能内容,519724,13089390,学而思秘籍·小学数学行程专项突破+练习（五年级）,,2,0,,,2,220.0,6.67,2026-07-17 18:47:26
武清仓,维修库位,智能内容,519725,13089392,学而思秘籍·小学数学行程专项突破+练习（六年级）,,2,0,,,2,233.0,5.0,2026-07-17 18:47:26
武清仓,维修库位,智能内容,530622,9783942056595,Reading A-Z Stage 2,,2,106,HZ9783942056595,(盒子)Reading A-Z Stage 2,2,580.0,1.75,2026-07-17 18:47:26
武清仓,维修库位,智能内容,530623,9783942056601,Reading A-Z Stage 3,,2,192,HZ9783942056601,(盒子)Reading A-Z Stage 3,2,573.0,0.23,2026-07-17 18:47:26
武清仓,维修库位,智能内容,532181,9787510647468A,学而思秘籍·小学数学思维培养教程·1级（2022）,,2,0,,,2,473.5,1.37,2026-07-17 18:47:26
武清仓,维修库位,智能内容,532741,9787510675249A,摩比爱语文·萌芽篇（全4册）（2022）,,2,0,,,2,601.5,1.3,2026-07-17 18:47:26
武清仓,维修库位,智能内容,533171,9787510688119,初中英语周周学七年级上册RJ,,2,0,,,2,487.5,2.05,2026-07-17 18:47:26
武清仓,维修库位,智能内容,533193,9787510689642,初中语文周周学八年级下册,,2,0,,,2,483.0,6.92,2026-07-17 18:47:26
武清仓,维修库位,智能内容,533199,9787510689840,学而思周周学小学语文六年级下册,,2,0,,,2,580.0,1.68,2026-07-17 18:47:26
武清仓,维修库位,智能内容,533733,9787513822893,Hello English Readers分级阅读3级（上）,,2,144,HZ9787513822893,(盒子)Hello English Readers分级阅读3级（上）,2,615.0,10.59,2026-07-17 18:47:26
武清仓,维修库位,智能内容,533738,9787513823241,基础天天练 2级 上,,2,0,,,2,590.0,1.53,2026-07-17 18:47:26
武清仓,维修库位,智能内容,533739,9787513823258,基础天天练 3级 上,,2,0,,,2,590.5,11.25,2026-07-17 18:47:26
武清仓,维修库位,智能内容,533755,9787513823647,Hello English Readers分级阅读6级（下）,,2,85,HZ9787513823647,(盒子)Hello English Readers分级阅读6级（下）,2,615.0,6.92,2026-07-17 18:47:26
武清仓,维修库位,智能内容,539818,XESTZ97870001,学而思大语文分级阅读·第一学段第一季 1-2年级（全十册）,,2,105,HZXESTZ97870001,(盒子)学而思大语文分级阅读·第一学段第一季 1-2年级（全十册）,2,613.0,5.81,2026-07-17 18:47:26
武清仓,维修库位,智能内容,546872,9787532968251,摩比分级数学 萌芽篇,,2,0,,,2,614.0,0.89,2026-07-17 18:47:26
武清仓,维修库位,智能内容,547717,9787510690242,摩比爱计算 飞跃篇,,2,0,,,2,613.0,8.57,2026-07-17 18:47:26
武清仓,维修库位,智能内容,551556,9787510691638,学而思秘籍初中英语语言积累与读写提升1级,,2,0,,,2,613.0,2.28,2026-07-17 18:47:26
武清仓,维修库位,智能内容,551561,9787510691607,学而思秘籍初中物理思维提升1级,,2,0,,,2,613.0,1.71,2026-07-17 18:47:26
武清仓,维修库位,智能内容,564978,ZNNR202304130003,学而思秘籍·小学数学应用题专项突破+练习（三年级）（2023）,,2,0,,,2,580.0,18.0,2026-07-17 18:47:26
武清仓,维修库位,智能内容,569850,9787830124182,大语文分级诵读 三级,,2,0,,,2,580.0,0.48,2026-07-17 18:47:26
武清仓,维修库位,智能内容,569851,9787830124199,大语文分级诵读 四级,,2,0,,,2,579.5,0.66,2026-07-17 18:47:26
武清仓,维修库位,智能内容,569852,9787830124205,大语文分级诵读 五级,,2,0,,,2,589.0,0.8,2026-07-17 18:47:26
武清仓,维修库位,智能内容,572167,ZNNR20230602101,厚读古诗词,,2,0,,,2,456.0,9.0,2026-07-17 18:47:26
武清仓,维修库位,智能内容,572879,9787548953135,厚读古诗词·从春秋到唐,,2,0,,,2,580.0,2.0,2026-07-17 18:47:26
武清仓,维修库位,智能内容,573826,9787218166216,应用题天天练三年级 上册,,2,0,,,2,613.0,0.9,2026-07-17 18:47:26
武清仓,维修库位,智能内容,573828,9787218166230,应用题天天练五年级 上册,,2,0,,,2,596.0,13.85,2026-07-17 18:47:26
武清仓,维修库位,智能内容,576399,9787551167925,控笔真有趣,,2,0,,,2,613.0,0.31,2026-07-17 18:47:26
武清仓,维修库位,智能内容,595118,9787550520066,初中考点1600问,,2,0,,,2,602.5,3.0,2026-07-17 18:47:26
武清仓,维修库位,智能内容,595373,9787572271373,摩比爱数学 探索篇,,2,0,,,2,615.0,0.14,2026-07-17 18:47:26
武清仓,维修库位,智能内容,611428,9787507559224,熊团团：生活大冒险,,2,0,,,2,613.5,2.73,2026-07-17 18:47:26
武清仓,维修库位,智能内容,654106,9787548956808,小学生轻松日记,,2,0,,,2,596.0,0.11,2026-07-17 18:47:26
武清仓,维修库位,智能内容,659211,9787514889581,给孩子的漫画新闻,,2,0,,,2,605.0,0.2,2026-07-17 18:47:26
武清仓,维修库位,智能内容,663165,9787501268153,摩比爱语文 萌芽篇（2024）,,2,0,,,2,605.0,0.72,2026-07-17 18:47:26
武清仓,维修库位,智能内容,664823,9787550522305,单元归类复习. 小学语文六年级 上册,,2,0,,,2,600.0,16.36,2026-07-17 18:47:26
武清仓,维修库位,智能内容,666777,9787507560091,字词句天天练一年级上册,,2,0,,,2,613.0,1.89,2026-07-17 18:47:26
武清仓,维修库位,智能内容,667655,ZNNR20240819101,学而思大语文分级阅读.第一学段第二季 1-2年级（全十册）（2024）,,2,0,,,2,45.0,7.2,2026-07-17 18:47:26
武清仓,维修库位,智能内容,667749,9787507560169,小学同步作文 3图搞定500字 五年级上册,,2,0,,,2,613.0,6.21,2026-07-17 18:47:26
武清仓,维修库位,智能内容,671219,9787507560121,基本功看图写话二年级下册（2024）,,2,0,,,2,360.0,1.57,2026-07-17 18:47:26
武清仓,维修库位,智能内容,672642,9787551831833,扩句法,,2,0,,,2,558.0,0.33,2026-07-17 18:47:26
武清仓,维修库位,智能内容,673712,9787572271410A,摩比爱数学 飞跃篇（2024）,,2,0,,,2,615.0,0.17,2026-07-17 18:47:26
武清仓,维修库位,智能内容,677353,ZNNR2024111803,快乐读书吧·三年级下册（全三册）,,2,0,,,2,586.0,0.03,2026-07-17 18:47:26
武清仓,维修库位,智能内容,678152,9787540894139,小学语文新阅读  四年级,,2,0,,,2,543.5,0.56,2026-07-17 18:47:26
武清仓,维修库位,智能内容,678541,9787501624430,课堂笔记 语文四年级下册,,2,0,,,2,552.0,0.48,2026-07-17 18:47:26
武清仓,维修库位,智能内容,678548,9787501624508,课堂笔记 数学五年级下册,,2,0,,,2,540.0,0.97,2026-07-17 18:47:26
武清仓,维修库位,智能内容,678549,9787501624515,课堂笔记 数学六年级下册,,2,0,,,2,540.0,1.7,2026-07-17 18:47:26
武清仓,维修库位,智能内容,679789,9787557917418,计算天天练六年级下册（2024）,,2,0,,,2,480.5,0.15,2026-07-17 18:47:26
武清仓,维修库位,智能内容,680283,9787550523647,单元归类复习. 小学语文五年级 下册,,2,0,,,2,523.0,0.72,2026-07-17 18:47:26
武清仓,维修库位,智能内容,680286,9787550523562,单元归类复习. 小学数学二年级 下册,,2,0,,,2,523.0,0.64,2026-07-17 18:47:26
武清仓,维修库位,智能内容,680287,9787550523548,单元归类复习. 小学数学三年级 下册,,2,0,,,2,523.0,0.65,2026-07-17 18:47:26
武清仓,维修库位,智能内容,680589,9787550523661,38天小升初冲刺精准卷  数学,,2,0,,,2,540.0,0.67,2026-07-17 18:47:26
武清仓,维修库位,智能内容,680591,9787550523678,38天小升初冲刺精准卷  英语,,2,0,,,2,541.0,0.51,2026-07-17 18:47:26
武清仓,维修库位,智能内容,683086,9787545924879,单元检测卷 英语 六年级下,,2,0,,,2,379.0,1.2,2026-07-17 18:47:26
武清仓,维修库位,智能内容,684412,9787570826681,课本好字轻松练小学语文同步字帖2年级下册,,2,0,,,2,493.0,1.06,2026-07-17 18:47:26
武清仓,维修库位,智能内容,684414,9787570826674,课本好字轻松练小学语文同步字帖4年级下册,,2,0,,,2,321.0,0.83,2026-07-17 18:47:26
武清仓,维修库位,智能内容,687694,9787545924954,10分钟晨读美文 三年级,,2,0,,,2,489.0,0.83,2026-07-17 18:47:26
武清仓,维修库位,智能内容,687704,9787830125752,漫画小学生表达全解,,2,0,,,2,444.0,0.35,2026-07-17 18:47:26
武清仓,维修库位,智能内容,687989,9787830125721,冲啊！打败49个数学小怪兽,,2,0,,,2,423.0,1.82,2026-07-17 18:47:26
武清仓,维修库位,智能内容,689642,9787545925029,图解秒记 初中历史,,2,0,,,2,445.5,0.62,2026-07-17 18:47:26
武清仓,维修库位,智能内容,691512,9787519058838,快乐读书吧·四年级上册·中国古代神话,,2,0,,,2,77.0,1.88,2026-07-17 18:47:26
武清仓,维修库位,智能内容,691514,9787519058777,快乐读书吧·四年级上册·希腊神话故事,,2,0,,,2,77.0,2.34,2026-07-17 18:47:26
武清仓,维修库位,智能内容,691515,9787519058791,快乐读书吧·四年级上册·山海经,,2,0,,,2,77.0,2.0,2026-07-17 18:47:26
武清仓,维修库位,智能内容,691519,9787519058593,快乐读书吧·五年级上册·列那狐的故事,,2,0,,,2,68.0,3.53,2026-07-17 18:47:26
武清仓,维修库位,智能内容,693716,9787548957003E,新标准.暑假预复习.四升五年级（2025版）,,2,0,,,2,414.5,0.16,2026-07-17 18:47:26
武清仓,维修库位,智能内容,694447,9787557919139,暑假情境300词小学英语四升五年级 RJ,,2,0,,,2,408.0,0.69,2026-07-17 18:47:26
武清仓,维修库位,智能内容,695525,9787556521647A,Reading A-Z 美国小学同步阅读1级 下（李佳琦专供）,,2,0,,,2,36.0,6.21,2026-07-17 18:47:26
武清仓,维修库位,智能内容,703621,9787545926255,基本功天天练 小学语文 二年级上册(2025),,2,0,,,2,322.5,1.32,2026-07-17 18:47:26
武清仓,维修库位,智能内容,703623,9787545926231,基本功天天练 小学语文 四年级上册(2025),,2,0,,,2,321.0,1.44,2026-07-17 18:47:26
武清仓,维修库位,智能内容,703626,9787545926200,基本功天天练 小学数学 一年级上册 RJ(2025),,2,0,,,2,321.5,15.0,2026-07-17 18:47:26
武清仓,维修库位,智能内容,703628,9787545926187,基本功天天练 小学数学 三年级上册 RJ(2025),,2,0,,,2,318.0,1.26,2026-07-17 18:47:26
武清仓,维修库位,智能内容,703633,9787545926132,基本功天天练 小学数学 二年级上册 BS(2025),,2,0,,,2,322.5,2.86,2026-07-17 18:47:26
武清仓,维修库位,智能内容,703637,9787545926095,基本功天天练 小学数学 六年级上册 BS(2025),,2,0,,,2,318.0,3.21,2026-07-17 18:47:26
武清仓,维修库位,智能内容,725804,9787572237300B,小学英语周周学4级上册（2025简配版）,,2,0,,,2,241.0,36.0,2026-07-17 18:47:26
武清仓,维修库位,智能内容,729836,9787557920784,课堂笔记 数学三年级下册BS（26春）,,2,0,,,2,215.5,1.37,2026-07-17 18:47:26
武清仓,维修库位,智能内容,730909,9787519061029,快乐读书吧·四年级下册·人类起源的演化过程:爷爷的爷爷哪里来（2025线上版）,,2,0,,,2,198.0,1.88,2026-07-17 18:47:26
武清仓,维修库位,智能内容,730911,9787519061104,快乐读书吧·五年级下册·三国演义 青少版（2025线上版）,,2,0,,,2,198.0,2.47,2026-07-17 18:47:26
武清仓,维修库位,智能内容,730912,9787519061098,快乐读书吧·五年级下册·红楼梦 青少版（2025线上版）,,2,0,,,2,198.0,2.61,2026-07-17 18:47:26
武清仓,维修库位,智能内容,786135,ZNNR251217101,快乐读书吧·三年级下册（全四册）（2025线上版）,,2,0,,,2,194.5,0.12,2026-07-17 18:47:26
武清仓,维修库位,智能内容,786663,9787554878293,一年级数学 培优 下册SJ,,2,0,,,2,171.0,1.84,2026-07-17 18:47:26
武清仓,维修库位,智能内容,788334,9787557917395A,计算天天练三年级下册（2026）,,2,0,,,2,158.5,0.75,2026-07-17 18:47:26
武清仓,维修库位,智能内容,789349,9787501270729XDB,初中名著·经典常谈（2026修订版）,,2,0,,,2,177.0,0.73,2026-07-17 18:47:26
武清仓,维修库位,智能内容,791229,9787545927153,2026 过考点 数学 四年级 下册RJ,,2,0,,,2,131.0,3.4,2026-07-17 18:47:26
武清仓,维修库位,智能内容,796563,9787519058517DRB,快乐读书吧·一年级上册·和大人一起读（全四册）（2026达人版）,,2,0,,,2,68.0,4.86,2026-07-17 18:47:26
武清仓,维修库位,智能内容,798647,9787501268054BB,快乐读书吧·二年级上册·孤独的小螃蟹（2026线下班班版）,,2,0,,,2,45.0,0.14,2026-07-17 18:47:26
武清仓,维修库位,智能内容,798650,9787545923186BB,快乐读书吧·二年级上册·一只想飞的猫（2026线下班班版）,,2,0,,,2,45.0,0.14,2026-07-17 18:47:26
武清仓,维修库位,智能内容,799187,ZNNR260409201,一年级预习有重点上册英语赠册,,2,0,,,2,77.0,0.2,2026-07-17 18:47:26
武清仓,维修库位,智能内容,610391,9787547746516A,摩比启蒙机X200-摩比数学思维学习包·萌芽篇,,1,0,,,1,615.0,0.1,2026-07-17 18:47:26
武清仓,维修库位,智能内容,610392,9787547746523A,摩比启蒙机X200-摩比数学思维学习包·探索篇,,1,0,,,1,615.0,0.91,2026-07-17 18:47:26
武清仓,维修库位,智能内容,659123,6975619721094,摩比启蒙机X200-剑桥英语启蒙预备级,,1,0,,,1,615.0,0.19,2026-07-17 18:47:26
武清仓,维修库位,智能内容,504578,2022092103,学而思秘籍小学数学计算专项突破教程+练习（三年级）（2022升级版）,,1,0,,,1,613.0,0.51,2026-07-17 18:47:26
武清仓,维修库位,智能内容,520119,2020080711471,学而思大语文分级阅读第二学段第三季（适用3-4年级）,,1,0,,,1,615.0,1.91,2026-07-17 18:47:26
武清仓,维修库位,智能内容,530624,9783942056618,Reading A-Z Stage 4,,1,0,,,1,580.0,15.0,2026-07-17 18:47:26
武清仓,维修库位,智能内容,530629,9783942056663,Reading A-Z Stage 9,,1,167,HZ9783942056663,(盒子)Reading A-Z Stage 9,1,580.0,0.15,2026-07-17 18:47:26
武清仓,维修库位,智能内容,531647,9787230043205,学而思秘籍. 高中化学思维突破 2级,,1,0,,,1,613.0,0.74,2026-07-17 18:47:26
武清仓,维修库位,智能内容,531648,9787230043212,学而思秘籍. 高中化学思维突破 3级,,1,0,,,1,566.0,2.09,2026-07-17 18:47:26
武清仓,维修库位,智能内容,531912,9787507557183,基础天天练 3级 下,,1,0,,,1,580.0,1.2,2026-07-17 18:47:26
武清仓,维修库位,智能内容,532182,9787510647475,学而思秘籍-小学数学思维培养教程8级,,1,0,,,1,458.0,2.73,2026-07-17 18:47:26
武清仓,维修库位,智能内容,532195,9787510647536A,学而思秘籍·小学数学思维培养教程·4级（2022）,,1,0,,,1,580.0,3.75,2026-07-17 18:47:26
武清仓,维修库位,智能内容,532207,9787510647604,学而思秘籍-小学数学思维培养教程7级,,1,0,,,1,248.0,6.43,2026-07-17 18:47:26
武清仓,维修库位,智能内容,532429,9787510664250,DK小眼睛大世界 奇妙的生命,,1,0,,,1,523.0,1.38,2026-07-17 18:47:26
武清仓,维修库位,智能内容,532721,9787510675225A,摩比爱语文·飞跃篇（全6册）（2022）,,1,0,,,1,609.0,0.48,2026-07-17 18:47:26
武清仓,维修库位,智能内容,533009,9787510684043,学前七大能力课堂 思维启蒙第1课 3-4岁 1-3（2022）,,1,0,,,1,613.0,2.57,2026-07-17 18:47:26
武清仓,维修库位,智能内容,533016,9787510684074,学前七大能力课堂 思维启蒙第1课 4-5岁 4-6（2022）,,1,0,,,1,613.0,2.09,2026-07-17 18:47:26
武清仓,维修库位,智能内容,533114,9787510686580,学而思秘籍 高中数学思维突破 2级（智能教辅）,,1,0,,,1,615.0,0.23,2026-07-17 18:47:26
武清仓,维修库位,智能内容,533169,9787510688089,初中物理周周学八年级上册SK,,1,0,,,1,576.0,9.0,2026-07-17 18:47:26
武清仓,维修库位,智能内容,533175,9787510688157,初中语文周周学七年级上册,,1,0,,,1,609.0,2.31,2026-07-17 18:47:26
武清仓,维修库位,智能内容,533177,9787510688171,初中语文周周学八年级上册,,1,0,,,1,523.0,10.0,2026-07-17 18:47:26
武清仓,维修库位,智能内容,533179,9787510688348,初中数学周周学八年级上册BS,,1,0,,,1,479.0,6.0,2026-07-17 18:47:26
武清仓,维修库位,智能内容,533189,9787510689604,初中数学周周学七年级下册BS,,1,0,,,1,578.0,22.5,2026-07-17 18:47:26
武清仓,维修库位,智能内容,533732,9787513822886,Hello English Readers分级阅读2级（上）,,1,1,HZ9787513822886,(盒子)Hello English Readers分级阅读2级（上）,1,563.0,7.5,2026-07-17 18:47:26
武清仓,维修库位,智能内容,533734,9787513822909,Hello English Readers分级阅读4级（上）,,1,0,,,1,461.0,0.6,2026-07-17 18:47:26
武清仓,维修库位,智能内容,533752,9787513823616,Hello English Readers分级阅读3级（下）,,1,350,HZ9787513823616,(盒子)Hello English Readers分级阅读3级（下）,1,615.0,3.91,2026-07-17 18:47:26
武清仓,维修库位,智能内容,536744,9787562858560,学而思学前七大能力课堂思维启蒙第一课幼儿园大班4-6（5-6岁）,,1,0,,,1,520.0,7.5,2026-07-17 18:47:26
武清仓,维修库位,智能内容,537651,9787572245572,高考真题举一反三 生物题型总结,,1,0,,,1,479.0,8.18,2026-07-17 18:47:26
武清仓,维修库位,智能内容,537656,9787572247194,中考真题举一反三 物理题型总结,,1,0,,,1,615.0,2.43,2026-07-17 18:47:26
武清仓,维修库位,智能内容,546569,9787510659997A,ABCtime美国小学同步阅读第五级定制版,,1,0,,,1,48.0,11.25,2026-07-17 18:47:26
武清仓,维修库位,智能内容,546570,9787510660009A,ABCtime美国小学同步阅读第四级定制版,,1,0,,,1,169.0,18.0,2026-07-17 18:47:26
武清仓,维修库位,智能内容,547718,9787510690235,摩比爱计算 萌芽篇,,1,0,,,1,613.0,5.62,2026-07-17 18:47:26
武清仓,维修库位,智能内容,548935,6973473321108,初中数学周周学九年级全一册RJ,,1,0,,,1,580.0,2.81,2026-07-17 18:47:26
武清仓,维修库位,智能内容,551558,9787510691652,学而思秘籍初中英语语言积累与读写提升3级,,1,0,,,1,613.0,0.9,2026-07-17 18:47:26
武清仓,维修库位,智能内容,570095,9787551167529,好词好句天天练（进阶版）（全二册）,,1,0,,,1,613.0,0.57,2026-07-17 18:47:26
武清仓,维修库位,智能内容,570577,9787121456879,高考基础大招全突破·生物学,,1,0,,,1,540.0,2.81,2026-07-17 18:47:26
武清仓,维修库位,智能内容,572878,ZNNR20230607104,哈佛外教英语启蒙 第四级,,1,863,HZZNNR20230607104,（盒子）哈佛外教英语启蒙 第四级,1,615.0,2.65,2026-07-17 18:47:26
武清仓,维修库位,智能内容,573824,9787218166193,应用题天天练一年级 上册,,1,0,,,1,591.0,0.38,2026-07-17 18:47:26
武清仓,维修库位,智能内容,577522,9787510688867,学而思思维创新大通关. 数学一年级(2023),,1,0,,,1,601.0,0.76,2026-07-17 18:47:26
武清仓,维修库位,智能内容,582607,9787830124304,Hello English Readers英语分级阅读1级下（2023）,,1,0,,,1,615.0,0.57,2026-07-17 18:47:26
武清仓,维修库位,智能内容,582608,9787830124311,Hello English Readers英语分级阅读2级上（2023）,,1,0,,,1,615.0,0.3,2026-07-17 18:47:26
武清仓,维修库位,智能内容,587688,9787548954378,摩比爱传统文化. 第二辑,,1,0,,,1,613.0,0.47,2026-07-17 18:47:26
武清仓,维修库位,智能内容,595117,9787550520073,初中考点2000问,,1,0,,,1,603.0,0.96,2026-07-17 18:47:26
武清仓,维修库位,智能内容,599540,9787218172620,应用题天天练六年级 下册,,1,0,,,1,565.0,0.26,2026-07-17 18:47:26
武清仓,维修库位,智能内容,599542,9787218172606,应用题天天练四年级 下册,,1,0,,,1,596.0,0.23,2026-07-17 18:47:26
武清仓,维修库位,智能内容,608967,ZNNR2024022802,学而思秘籍·小学数学思维培养·教程+练习·2级(2024),,1,0,,,1,613.0,0.32,2026-07-17 18:47:26
武清仓,维修库位,智能内容,608972,ZNNR2024022807,学而思秘籍&middot;小学数学思维培养&middot;教程+练习&middot;7级(2024),,1,0,,,1,613.0,0.6,2026-07-17 18:47:26
武清仓,维修库位,智能内容,608977,ZNNR2024022812,学而思秘籍·小学数学思维培养·教程+练习·12级(2024),,1,0,,,1,613.0,0.25,2026-07-17 18:47:26
武清仓,维修库位,智能内容,611263,9787830124663,关于世界的十万个是什么·感知篇,,1,0,,,1,580.0,0.53,2026-07-17 18:47:26
武清仓,维修库位,智能内容,611264,9787830124670,关于世界的十万个是什么·探索篇,,1,0,,,1,598.0,0.27,2026-07-17 18:47:26
武清仓,维修库位,智能内容,611265,9787830124687,关于世界的十万个是什么·发现篇,,1,0,,,1,598.0,0.09,2026-07-17 18:47:26
武清仓,维修库位,智能内容,611266,9787507559231,熊团团：成长大冒险,,1,0,,,1,614.0,3.46,2026-07-17 18:47:26
武清仓,维修库位,智能内容,611267,9787507559491,熊团团：梦想大冒险,,1,0,,,1,614.0,4.09,2026-07-17 18:47:26
武清仓,维修库位,智能内容,611268,9787830124755,我是中国人——1000年的读书声,,1,0,,,1,580.0,2.0,2026-07-17 18:47:26
武清仓,维修库位,智能内容,611269,9787830124762,我是中国人——我的文化身份证,,1,0,,,1,600.0,2.65,2026-07-17 18:47:26
武清仓,维修库位,智能内容,611270,9787830124748,我是中国人——给孩子的中国文化说明书,,1,0,,,1,602.0,2.65,2026-07-17 18:47:26
武清仓,维修库位,智能内容,611271,9787830124786,我的家在中国——我的文化生活,,1,0,,,1,600.0,7.5,2026-07-17 18:47:26
武清仓,维修库位,智能内容,611273,9787830124809,这里是中国——了不起的中国,,1,0,,,1,580.0,1.48,2026-07-17 18:47:26
武清仓,维修库位,智能内容,654166,9787548956822A,新标准. 暑假预复习 三升四年级,,1,0,,,1,579.0,5.62,2026-07-17 18:47:26
武清仓,维修库位,智能内容,655023,9787548956983,漫画图解小学生必会巧算 整数加减法及乘法16招,,1,0,,,1,603.0,0.39,2026-07-17 18:47:26
武清仓,维修库位,智能内容,655024,9787548956976,漫画图解小学生必会巧算 分数小数四则运算18招,,1,0,,,1,602.0,1.07,2026-07-17 18:47:26
武清仓,维修库位,智能内容,655029,9787501267767,幼小衔接 一年级我来啦 入学准备一本通,,1,0,,,1,601.0,0.6,2026-07-17 18:47:26
武清仓,维修库位,智能内容,656777,9787830125073,《课本里的大百科.3级.上》,,1,0,,,1,580.0,0.38,2026-07-17 18:47:26
武清仓,维修库位,智能内容,663163,9787501268146,摩比爱语文 探索篇（2024）,,1,0,,,1,556.0,0.37,2026-07-17 18:47:26
武清仓,维修库位,智能内容,664818,9787550522329,单元归类复习. 小学语文一年级 上册,,1,0,,,1,613.0,2.5,2026-07-17 18:47:26
武清仓,维修库位,智能内容,664820,9787550522275,单元归类复习. 小学语文三年级 上册,,1,0,,,1,613.0,3.91,2026-07-17 18:47:26
武清仓,维修库位,智能内容,664822,9787550522299,单元归类复习. 小学语文五年级 上册,,1,0,,,1,595.0,4.74,2026-07-17 18:47:26
武清仓,维修库位,智能内容,664824,9787550522268,单元归类复习. 小学数学一年级 上册,,1,0,,,1,571.0,1.96,2026-07-17 18:47:26
武清仓,维修库位,智能内容,664825,9787550522213,单元归类复习. 小学数学二年级 上册,,1,0,,,1,601.0,0.7,2026-07-17 18:47:26
武清仓,维修库位,智能内容,664827,9787550522237,单元归类复习. 小学数学四年级 上册,,1,0,,,1,603.0,2.05,2026-07-17 18:47:26
武清仓,维修库位,智能内容,667098,9787570467754,小学语文课堂笔记 名师划重点 四年级 上册,,1,0,,,1,602.0,1.84,2026-07-17 18:47:26
武清仓,维修库位,智能内容,667099,9787570467761,小学语文课堂笔记 名师划重点 五年级 上册,,1,0,,,1,575.0,45.0,2026-07-17 18:47:26
武清仓,维修库位,智能内容,667748,9787507560138,小学同步作文 3图搞定400字 四年级上册,,1,0,,,1,613.0,2.65,2026-07-17 18:47:26
武清仓,维修库位,智能内容,667750,9787507560152,小学同步作文 3图搞定600字 六年级上册,,1,0,,,1,613.0,2.81,2026-07-17 18:47:26
武清仓,维修库位,智能内容,675146,9787557916497,小学语文周周学四年级上册（2024）,,1,0,,,1,384.0,12.86,2026-07-17 18:47:26
武清仓,维修库位,智能内容,676805,9787519917449,8大模型趣解新乘除,,1,0,,,1,605.0,0.14,2026-07-17 18:47:26
武清仓,维修库位,智能内容,676897,9787537991117,高考语文作文技法,,1,0,,,1,455.0,0.63,2026-07-17 18:47:26
武清仓,维修库位,智能内容,676898,9787537991100,高考语文作文新素材速记,,1,0,,,1,119.0,0.51,2026-07-17 18:47:26
武清仓,维修库位,智能内容,677254,9787545923896,寒假预复习    一年级（2025版）,,1,0,,,1,587.0,0.08,2026-07-17 18:47:26
武清仓,维修库位,智能内容,677320,9787519057213,快乐读书吧·二年级下册-读读儿童故事（全4册）,,1,0,,,1,586.0,0.03,2026-07-17 18:47:26
武清仓,维修库位,智能内容,678526,9787537992510,10分钟计算活页数学三年级下册智能版,,1,0,,,1,556.0,0.37,2026-07-17 18:47:26
武清仓,维修库位,智能内容,678528,9787537992527,10分钟计算活页数学五年级下册智能版,,1,0,,,1,556.0,0.41,2026-07-17 18:47:26
武清仓,维修库位,智能内容,678544,9787501624461,课堂笔记 数学一年级下册,,1,0,,,1,562.0,0.6,2026-07-17 18:47:26
武清仓,维修库位,智能内容,679151,9787545924527,寒假预复习 初一（2025）,,1,0,,,1,554.0,1.29,2026-07-17 18:47:26
武清仓,维修库位,智能内容,679653,9787537992732,10分钟默写活页英语五年级下册智能版,,1,0,,,1,556.0,0.43,2026-07-17 18:47:26
武清仓,维修库位,智能内容,680280,9787550523609,单元归类复习. 小学语文二年级 下册,,1,0,,,1,523.0,0.37,2026-07-17 18:47:26
武清仓,维修库位,智能内容,680285,9787550523579,单元归类复习. 小学数学一年级 下册,,1,0,,,1,523.0,0.34,2026-07-17 18:47:26
武清仓,维修库位,智能内容,680303,9787537993272,小学同步作文 3图搞定看图写话 一年级下册,,1,0,,,1,551.0,0.39,2026-07-17 18:47:26
武清仓,维修库位,智能内容,681048,9787537993357,新教材速记卡  三年级 下册 同步,,1,0,,,1,542.0,0.46,2026-07-17 18:47:26
武清仓,维修库位,智能内容,681049,9787537993364,新教材速记卡  四年级 下册 同步,,1,0,,,1,539.0,0.41,2026-07-17 18:47:26
武清仓,维修库位,智能内容,682052,9787537992602,10分钟默写活页语文二年级下册智能版,,1,0,,,1,527.0,0.47,2026-07-17 18:47:26
武清仓,维修库位,智能内容,683073,9787545924718,单元检测卷  语文  三年级下,,1,0,,,1,461.0,0.39,2026-07-17 18:47:26
武清仓,维修库位,智能内容,683079,9787545924800,单元检测卷 数学 三年级下,,1,0,,,1,451.0,0.17,2026-07-17 18:47:26
武清仓,维修库位,智能内容,683085,9787545924862,单元检测卷 英语 五年级下,,1,0,,,1,87.0,0.72,2026-07-17 18:47:26
武清仓,维修库位,智能内容,683629,9787830125813,英语晨读 积累英语作文好词句,,1,0,,,1,507.0,0.3,2026-07-17 18:47:26
武清仓,维修库位,智能内容,686278,9787548952329F,幼小衔接倒计时99天-普通升级版 （XWX2025）,,1,0,,,1,155.0,9.0,2026-07-17 18:47:26
武清仓,维修库位,智能内容,687692,9787545924930,10分钟晨读美文 一年级,,1,0,,,1,491.0,0.38,2026-07-17 18:47:26
武清仓,维修库位,智能内容,687693,9787545924947,10分钟晨读美文 二年级,,1,0,,,1,489.0,0.4,2026-07-17 18:47:26
武清仓,维修库位,智能内容,687695,9787545924961,10分钟晨读美文 四年级,,1,0,,,1,489.0,0.26,2026-07-17 18:47:26
武清仓,维修库位,智能内容,687697,9787545924985,10分钟晨读美文 六年级,,1,0,,,1,489.0,0.29,2026-07-17 18:47:26
武清仓,维修库位,智能内容,688815,9787545925173,小学英语必考知识全梳理,,1,0,,,1,413.0,0.2,2026-07-17 18:47:26
武清仓,维修库位,智能内容,689035,9787540896911,14天期末冲刺卷 语文一年级下册,,1,0,,,1,444.0,1.91,2026-07-17 18:47:26
武清仓,维修库位,智能内容,689039,9787540896959,14天期末冲刺卷 语文五年级下册,,1,0,,,1,444.0,1.08,2026-07-17 18:47:26
武清仓,维修库位,智能内容,689045,9787540897017,14天期末冲刺卷 数学五年级下册,,1,0,,,1,444.0,1.01,2026-07-17 18:47:26
武清仓,维修库位,智能内容,691199,9787550524385,暑假衔接领跑课 新初一 语文,,1,0,,,1,386.0,0.23,2026-07-17 18:47:26
武清仓,维修库位,智能内容,691510,9787519058548,快乐读书吧·三年级上册·格林童话,,1,0,,,1,77.0,2.25,2026-07-17 18:47:26
武清仓,维修库位,智能内容,691517,9787519058814,快乐读书吧·五年级上册·非洲民间故事,,1,0,,,1,68.0,1.96,2026-07-17 18:47:26
武清仓,维修库位,智能内容,691521,9787519058586,快乐读书吧·六年级上册·小英雄雨来,,1,0,,,1,77.0,2.09,2026-07-17 18:47:26
武清仓,维修库位,智能内容,692438,9787550524088,课堂笔记 数学三年级上册,,1,0,,,1,431.0,0.4,2026-07-17 18:47:26
武清仓,维修库位,智能内容,692441,9787550524125,课堂笔记 数学六年级上册,,1,0,,,1,430.0,0.6,2026-07-17 18:47:26
武清仓,维修库位,智能内容,692445,9787550524224,课堂笔记 英语六年级上册（人教版）,,1,0,,,1,430.0,0.49,2026-07-17 18:47:26
武清仓,维修库位,智能内容,692448,9787550524262,课堂笔记 英语五年级上册（外研版）,,1,0,,,1,430.0,0.65,2026-07-17 18:47:26
武清仓,维修库位,智能内容,692807,ZNNR250416204,课堂笔记 语文同步拓展阅读 四年级上册,,1,0,,,1,376.0,0.1,2026-07-17 18:47:26
武清仓,维修库位,智能内容,694446,9787557919122,暑假情境300词小学英语三升四年级 WY,,1,0,,,1,408.0,0.4,2026-07-17 18:47:26
武清仓,维修库位,智能内容,694450,9787557919160,暑假情境300词 小学英语 五升六年级 WY,,1,0,,,1,408.0,0.99,2026-07-17 18:47:26
武清仓,维修库位,智能内容,694611,9787557918989,暑假六维新阅读小学语文一升二年级,,1,0,,,1,416.0,0.78,2026-07-17 18:47:26
武清仓,维修库位,智能内容,697037,ZNNR250529102,快乐读书吧·四年级上册（全四册）（王芳版）,,1,0,,,1,405.0,0.47,2026-07-17 18:47:26
武清仓,维修库位,智能内容,699481,9787540893859,小学数学周周学五年级上册(2024),,1,0,,,1,293.0,18.0,2026-07-17 18:47:26
武清仓,维修库位,智能内容,700722,9787574807594,英语启蒙韵律童谣篇,,1,0,,,1,349.0,0.1,2026-07-17 18:47:26
武清仓,维修库位,智能内容,700982,9787519918828A,10分钟七大能力全脑开发 益智动手游戏书（升级版）,,1,0,,,1,353.0,0.99,2026-07-17 18:47:26
武清仓,维修库位,智能内容,703620,9787545926262,基本功天天练 小学语文 一年级上册(2025),,1,0,,,1,324.0,0.87,2026-07-17 18:47:26
武清仓,维修库位,智能内容,703627,9787545926194,基本功天天练 小学数学 二年级上册 RJ(2025),,1,0,,,1,319.0,0.8,2026-07-17 18:47:26
武清仓,维修库位,智能内容,703629,9787545926170,基本功天天练 小学数学 四年级上册 RJ(2025),,1,0,,,1,318.0,0.76,2026-07-17 18:47:26
武清仓,维修库位,智能内容,703630,9787545926163,基本功天天练 小学数学 五年级上册 RJ(2025),,1,0,,,1,318.0,0.85,2026-07-17 18:47:26
武清仓,维修库位,智能内容,725803,9787572237294B,小学英语周周学3级上册（2025简配版）,,1,0,,,1,237.0,11.25,2026-07-17 18:47:26
武清仓,维修库位,智能内容,725807,9787572247316B,剑桥英语周周学3级下册（2025简配版）,,1,0,,,1,241.0,22.5,2026-07-17 18:47:26
武清仓,维修库位,智能内容,725808,9787572247286B,剑桥英语周周学4级下册（2025简配版）,,1,0,,,1,241.0,22.5,2026-07-17 18:47:26
武清仓,维修库位,智能内容,726991,9787501270729,初中名著 经典常谈,,1,0,,,1,205.0,0.31,2026-07-17 18:47:26
武清仓,维修库位,智能内容,727002,9787545923940A,寒假预复习 六年级（2026版）,,1,0,,,1,230.0,0.38,2026-07-17 18:47:26
武清仓,维修库位,智能内容,729835,9787557920777,课堂笔记 数学二年级下册BS（26春）,,1,0,,,1,217.0,0.74,2026-07-17 18:47:26
武清仓,维修库位,智能内容,730908,9787519061135,快乐读书吧·四年级下册·灰尘的旅行（2025线上版）,,1,0,,,1,202.0,0.89,2026-07-17 18:47:26
武清仓,维修库位,智能内容,730910,9787519061081,快乐读书吧·五年级下册·西游记 青少版（2025线上版）,,1,0,,,1,198.0,0.83,2026-07-17 18:47:26
武清仓,维修库位,智能内容,730916,9787519061036,快乐读书吧·六年级下册·尼尔斯骑鹅旅行记（2025线上版）,,1,0,,,1,198.0,2.65,2026-07-17 18:47:26
武清仓,维修库位,智能内容,730919,ZNNR251205102,快乐读书吧·三年级下册（全三册）（2025线上版）,,1,0,,,1,205.0,0.15,2026-07-17 18:47:26
武清仓,维修库位,智能内容,730923,9787519061005DRB,快乐读书吧·一年级下册·读读童谣和儿歌（2025达人版）,,1,0,,,1,205.0,0.9,2026-07-17 18:47:26
武清仓,维修库位,智能内容,786661,9787554878316,三年级数学 培优 下册SJ,,1,0,,,1,171.0,0.73,2026-07-17 18:47:26
武清仓,维修库位,智能内容,786665,9787554878279,二年级数学 培优 下册BS,,1,0,,,1,171.0,0.24,2026-07-17 18:47:26
武清仓,维修库位,智能内容,786666,9787554878262,一年级数学 培优 下册BS,,1,0,,,1,171.0,0.44,2026-07-17 18:47:26
武清仓,维修库位,智能内容,791235,9787545927177,2026 过考点 语文 二年级 下册,,1,0,,,1,131.0,1.34,2026-07-17 18:47:26
武清仓,维修库位,智能内容,798645,9787519058517BB,快乐读书吧·一年级上册·和大人一起读（全四册）（2026线下班班版）,,1,0,,,1,45.0,0.07,2026-07-17 18:47:26
武清仓,维修库位,智能内容,798649,9787545923179BB,快乐读书吧·二年级上册·小鲤鱼跳龙门（2026线下班班版）,,1,0,,,1,45.0,0.07,2026-07-17 18:47:26
武清仓,维修库位,智能内容,798651,9787519058579BB,快乐读书吧·三年级上册·安徒生童话（2026线下班班版）,,1,0,,,1,45.0,0.07,2026-07-17 18:47:26
武清仓,维修库位,智能内容,798662,9787519058555BB,快乐读书吧·六年级上册·爱的教育（2026线下班班版）,,1,0,,,1,45.0,0.07,2026-07-17 18:47:26
武清仓,维修库位,智能内容,798664,9787519058586BB,快乐读书吧·六年级上册·小英雄雨来（2026线下班班版）,,1,0,,,1,45.0,0.07,2026-07-17 18:47:26
